emotion,model_used,status,error,rationale,V_right_pole_score_0_1000,V_left_pole_score_0_1000,V_signed_score_m1000_to_p1000,V_direction_label,V_direction_code,V_confidence_0_1,A_right_pole_score_0_1000,A_left_pole_score_0_1000,A_signed_score_m1000_to_p1000,A_direction_label,A_direction_code,A_confidence_0_1,C_right_pole_score_0_1000,C_left_pole_score_0_1000,C_signed_score_m1000_to_p1000,C_direction_label,C_direction_code,C_confidence_0_1,U_right_pole_score_0_1000,U_left_pole_score_0_1000,U_signed_score_m1000_to_p1000,U_direction_label,U_direction_code,U_confidence_0_1,S_right_pole_score_0_1000,S_left_pole_score_0_1000,S_signed_score_m1000_to_p1000,S_direction_label,S_direction_code,S_confidence_0_1
abandoned,google/gemini-3-flash-preview,ok,,"Abandoned is a highly negative, low-control state defined by the social loss of a caregiver or partner, creating significant uncertainty and moderate-to-low arousal.",115,885,-770,toward_left_pole,-1,0.95,480,520,-40,balanced,0,0.85,105,895,-790,toward_left_pole,-1,0.95,720,280,440,toward_right_pole,1,0.9,890,110,780,toward_right_pole,1,0.9
adoring,google/gemini-3-flash-preview,ok,,"Adoring is a highly positive, other-oriented emotion characterized by deep affection, moderate arousal, and a sense of certainty and devotion toward the object of love.",910,90,820,toward_right_pole,1,0.95,580,420,160,toward_right_pole,1,0.85,420,580,-160,toward_left_pole,-1,0.8,210,790,-580,toward_left_pole,-1,0.85,940,60,880,toward_right_pole,1,0.98
affectionate,google/gemini-3-flash-preview,ok,,"Affectionate is a highly positive, other-oriented emotion characterized by warmth, moderate physiological calm, and a sense of relational security.",890,110,780,toward_right_pole,1,0.98,420,580,-160,toward_left_pole,-1,0.92,680,320,360,toward_right_pole,1,0.85,180,820,-640,toward_left_pole,-1,0.88,940,60,880,toward_right_pole,1,0.99
afraid,google/gemini-3-flash-preview,ok,,"Afraid is a high-arousal, negative-valence state defined by low control and high uncertainty, primarily centered on individual survival and threat avoidance.",180,820,-640,toward_left_pole,-1,0.95,780,220,560,toward_right_pole,1,0.9,210,790,-580,toward_left_pole,-1,0.85,820,180,640,toward_right_pole,1,0.8,350,650,-300,toward_left_pole,-1,0.7
aggrieved,google/gemini-3-flash-preview,ok,,"Aggrieved describes feeling mistreated or wronged, resulting in negative valence, moderate arousal, low agency, and a strong social focus on the perpetrator.",180,820,-640,toward_left_pole,-1,0.95,580,420,160,toward_right_pole,1,0.85,310,690,-380,toward_left_pole,-1,0.9,240,760,-520,toward_left_pole,-1,0.8,720,280,440,toward_right_pole,1,0.85
agitated,google/gemini-3-flash-preview,ok,,"Agitation is a high-arousal, negative state marked by low control and restlessness, typically triggered by stressful or unpredictable circumstances.",210,790,-580,toward_left_pole,-1,0.95,840,160,680,toward_right_pole,1,0.98,280,720,-440,toward_left_pole,-1,0.9,620,380,240,toward_right_pole,1,0.85,450,550,-100,toward_left_pole,-1,0.8
alarmed,google/gemini-3-flash-preview,ok,,"Alarmed represents a high-arousal, negative state characterized by sudden uncertainty and a perceived lack of immediate control over a startling threat.",210,790,-580,toward_left_pole,-1,0.95,840,160,680,toward_right_pole,1,0.98,320,680,-360,toward_left_pole,-1,0.85,780,220,560,toward_right_pole,1,0.9,450,550,-100,toward_left_pole,-1,0.75
alienated,google/gemini-3-flash-preview,ok,,"Alienated represents a low-valence, low-arousal state of social disconnection characterized by low agency and high social orientation due to the focus on external exclusion.",180,820,-640,toward_left_pole,-1,0.95,320,680,-360,toward_left_pole,-1,0.85,210,790,-580,toward_left_pole,-1,0.9,640,360,280,toward_right_pole,1,0.8,880,120,760,toward_right_pole,1,0.9
amazed,google/gemini-3-flash-preview,ok,,"Amazement is a high-arousal, positive state driven by unexpected stimuli, characterized by high uncertainty and a slight loss of perceived control.",820,180,640,toward_right_pole,1,0.95,740,260,480,toward_right_pole,1,0.9,410,590,-180,toward_left_pole,-1,0.85,880,120,760,toward_right_pole,1,0.9,550,450,100,toward_right_pole,1,0.7
amorous,google/gemini-3-flash-preview,ok,,"Amorous is a highly social, positive state characterized by physiological arousal and a strong orientation toward a romantic or sexual partner.",840,160,680,toward_right_pole,1,0.95,680,320,360,toward_right_pole,1,0.9,520,480,40,balanced,0,0.8,410,590,-180,toward_left_pole,-1,0.85,910,90,820,toward_right_pole,1,0.98
amused,google/gemini-3-flash-preview,ok,,"Amusement is a high-valence, moderate-arousal state often triggered by benign incongruity, reflecting a sense of safety and social connection.",820,180,640,toward_right_pole,1,0.95,480,520,-40,balanced,0,0.85,610,390,220,toward_right_pole,1,0.8,420,580,-160,toward_left_pole,-1,0.75,550,450,100,toward_right_pole,1,0.7
angry,google/gemini-3-flash-preview,ok,,"Anger is a high-arousal, negative-valence state characterized by high agency and social externalization, typically triggered by certain appraisals of injustice.",180,820,-640,toward_left_pole,-1,0.95,820,180,640,toward_right_pole,1,0.98,650,350,300,toward_right_pole,1,0.9,210,790,-580,toward_left_pole,-1,0.85,740,260,480,toward_right_pole,1,0.88
anguished,google/gemini-3-flash-preview,ok,,"Anguish is a high-arousal, low-control negative state reflecting intense psychological pain and a total loss of coping capacity.",42,958,-916,toward_left_pole,-1,0.98,780,220,560,toward_right_pole,1,0.92,115,885,-770,toward_left_pole,-1,0.95,640,360,280,toward_right_pole,1,0.85,310,690,-380,toward_left_pole,-1,0.8
annoyed,google/gemini-3-flash-preview,ok,,"Annoyance is a low-to-mid intensity negative state often triggered by external social agents, involving moderate arousal and a perceived lack of immediate control.",280,720,-440,toward_left_pole,-1,0.95,580,420,160,toward_right_pole,1,0.9,420,580,-160,toward_left_pole,-1,0.85,310,690,-380,toward_left_pole,-1,0.8,640,360,280,toward_right_pole,1,0.85
antagonistic,google/gemini-3-flash-preview,ok,,"Antagonism is a high-arousal, socially-oriented state of hostility where the individual asserts control through negative opposition toward others.",180,820,-640,toward_left_pole,-1,0.95,720,280,440,toward_right_pole,1,0.9,640,360,280,toward_right_pole,1,0.85,310,690,-380,toward_left_pole,-1,0.8,890,110,780,toward_right_pole,1,0.95
anxious,google/gemini-3-flash-preview,ok,,"Anxiety is a high-arousal, negative state defined by extreme uncertainty and low perceived agency regarding future threats.",210,790,-580,toward_left_pole,-1,0.95,740,260,480,toward_right_pole,1,0.95,280,720,-440,toward_left_pole,-1,0.9,890,110,780,toward_right_pole,1,0.95,420,580,-160,toward_left_pole,-1,0.85
apprehensive,google/gemini-3-flash-preview,ok,,"Apprehension is a future-oriented state of anxiety defined by high uncertainty, low perceived control, and moderate arousal regarding a potentially negative outcome.",320,680,-360,toward_left_pole,-1,0.95,610,390,220,toward_right_pole,1,0.9,380,620,-240,toward_left_pole,-1,0.85,840,160,680,toward_right_pole,1,0.95,450,550,-100,toward_left_pole,-1,0.8
ardent,google/gemini-3-flash-preview,ok,,"Ardent denotes intense, passionate enthusiasm, combining high arousal and positive valence with a strong sense of purposeful agency and certainty.",820,180,640,toward_right_pole,1,0.9,880,120,760,toward_right_pole,1,0.95,740,260,480,toward_right_pole,1,0.85,180,820,-640,toward_left_pole,-1,0.8,610,390,220,toward_right_pole,1,0.75
aroused,google/gemini-3-flash-preview,ok,,"Aroused is the prototypical high-activation state; it is valence-ambiguous but leans positive, characterized by intense physiological energy and internal focus.",615,385,230,toward_right_pole,1,0.85,920,80,840,toward_right_pole,1,0.98,580,420,160,toward_right_pole,1,0.8,450,550,-100,toward_left_pole,-1,0.75,500,500,0,balanced,0,0.7
ashamed,google/gemini-3-flash-preview,ok,,"Shame is a negative, low-control emotion driven by social evaluation and the perceived failure to meet communal or personal moral standards.",120,880,-760,toward_left_pole,-1,0.95,580,420,160,toward_right_pole,1,0.85,180,820,-640,toward_left_pole,-1,0.9,310,690,-380,toward_left_pole,-1,0.8,840,160,680,toward_right_pole,1,0.9
astonished,google/gemini-3-flash-preview,ok,,"Astonishment is a high-arousal, high-uncertainty state characterized by a sudden loss of control when encountering the unexpected, typically leaning toward a positive valence.",680,320,360,toward_right_pole,1,0.85,820,180,640,toward_right_pole,1,0.95,310,690,-380,toward_left_pole,-1,0.8,940,60,880,toward_right_pole,1,0.95,450,550,-100,toward_left_pole,-1,0.7
attached,google/gemini-3-flash-preview,ok,,"Attached reflects a positive, low-arousal social bond characterized by high predictability and a strong orientation toward an external target of affection.",740,260,480,toward_right_pole,1,0.9,380,620,-240,toward_left_pole,-1,0.85,520,480,40,balanced,0,0.8,210,790,-580,toward_left_pole,-1,0.85,890,110,780,toward_right_pole,1,0.95
awestruck,google/gemini-3-flash-preview,ok,,"Awestruck represents a high-arousal, positive state characterized by low personal control and high uncertainty due to the overwhelming nature of the stimulus.",820,180,640,toward_right_pole,1,0.9,740,260,480,toward_right_pole,1,0.85,310,690,-380,toward_left_pole,-1,0.8,880,120,760,toward_right_pole,1,0.9,650,350,300,toward_right_pole,1,0.75
baffled,google/gemini-3-flash-preview,ok,,"Baffled represents a high-uncertainty, low-control state where the individual struggles to comprehend a stimulus, leading to moderate arousal and slightly negative valence.",410,590,-180,toward_left_pole,-1,0.85,580,420,160,toward_right_pole,1,0.8,220,780,-560,toward_left_pole,-1,0.9,940,60,880,toward_right_pole,1,0.95,450,550,-100,toward_left_pole,-1,0.75
bashful,google/gemini-3-flash-preview,ok,,"Bashful is a socially-oriented, low-dominance state of mild shyness, typically viewed as endearing or positive rather than purely anxious.",580,420,160,toward_right_pole,1,0.85,420,580,-160,toward_left_pole,-1,0.8,310,690,-380,toward_left_pole,-1,0.9,640,360,280,toward_right_pole,1,0.75,790,210,580,toward_right_pole,1,0.95
bereaved,google/gemini-3-flash-preview,ok,,"Bereavement is a highly negative, low-control state triggered by social loss, involving high psychological arousal and significant life uncertainty.",42,958,-916,toward_left_pole,-1,0.98,610,390,220,toward_right_pole,1,0.85,115,885,-770,toward_left_pole,-1,0.92,780,220,560,toward_right_pole,1,0.88,840,160,680,toward_right_pole,1,0.9
betrayed,google/gemini-3-flash-preview,ok,,"Betrayal is a highly negative, high-arousal state triggered by an unexpected interpersonal violation, resulting in low perceived control and high social focus.",115,885,-770,toward_left_pole,-1,0.95,720,280,440,toward_right_pole,1,0.88,180,820,-640,toward_left_pole,-1,0.9,840,160,680,toward_right_pole,1,0.85,910,90,820,toward_right_pole,1,0.92
bitter,google/gemini-3-flash-preview,ok,,"Bitter is a negative, low-control emotion involving social resentment toward others, often resulting from perceived past injustices or failures.",180,820,-640,toward_left_pole,-1,0.95,420,580,-160,toward_left_pole,-1,0.85,210,790,-580,toward_left_pole,-1,0.9,150,850,-700,toward_left_pole,-1,0.8,740,260,480,toward_right_pole,1,0.85
blissful,google/gemini-3-flash-preview,ok,,"Bliss is a highly positive, low-arousal state of profound contentment and certainty, typically experienced as an internal sense of peace and emotional stability.",965,35,930,toward_right_pole,1,0.98,320,680,-360,toward_left_pole,-1,0.92,710,290,420,toward_right_pole,1,0.85,140,860,-720,toward_left_pole,-1,0.88,410,590,-180,toward_left_pole,-1,0.82
blue,google/gemini-3-flash-preview,ok,,"Reflects a low-arousal, negative valence state of sadness often characterized by internal withdrawal and a perceived lack of agency.",280,720,-440,toward_left_pole,-1,0.95,210,790,-580,toward_left_pole,-1,0.9,340,660,-320,toward_left_pole,-1,0.85,420,580,-160,toward_left_pole,-1,0.8,310,690,-380,toward_left_pole,-1,0.8
buoyant,google/gemini-3-flash-preview,ok,,"Buoyant describes a resilient, cheerful, and lighthearted state characterized by high positive valence and moderate activation, reflecting a sense of being emotionally uplifted.",880,120,760,toward_right_pole,1,0.95,620,380,240,toward_right_pole,1,0.9,740,260,480,toward_right_pole,1,0.85,210,790,-580,toward_left_pole,-1,0.8,450,550,-100,toward_left_pole,-1,0.75
calm,google/gemini-3-flash-preview,ok,,"Calm is a high-valence, low-arousal state defined by tranquility, predictability, and a sense of controlled composure.",780,220,560,toward_right_pole,1,0.95,120,880,-760,toward_left_pole,-1,0.98,650,350,300,toward_right_pole,1,0.85,150,850,-700,toward_left_pole,-1,0.9,300,700,-400,toward_left_pole,-1,0.8
captivated,google/gemini-3-flash-preview,ok,,"Captivated describes a state of intense, positive absorption where the individual's attention is dominated by an external stimulus, reducing personal agency while increasing social/object orientation.",840,160,680,toward_right_pole,1,0.95,680,320,360,toward_right_pole,1,0.9,320,680,-360,toward_left_pole,-1,0.85,410,590,-180,toward_left_pole,-1,0.8,720,280,440,toward_right_pole,1,0.85
caring,google/gemini-3-flash-preview,ok,,"Caring is a highly prosocial, positive emotion characterized by low-to-moderate arousal and a strong focus on the needs of others.",840,160,680,toward_right_pole,1,0.95,420,580,-160,toward_left_pole,-1,0.85,680,320,360,toward_right_pole,1,0.8,210,790,-580,toward_left_pole,-1,0.75,950,50,900,toward_right_pole,1,0.98
cheerful,google/gemini-3-flash-preview,ok,,"Cheerful is a high-valence, moderately high-arousal state characterized by positive agency, low uncertainty, and a frequent social orientation toward others.",890,110,780,toward_right_pole,1,0.98,620,380,240,toward_right_pole,1,0.92,710,290,420,toward_right_pole,1,0.88,210,790,-580,toward_left_pole,-1,0.85,680,320,360,toward_right_pole,1,0.82
cherished,google/gemini-3-flash-preview,ok,,"Cherished is a highly positive, low-arousal emotion rooted in secure social bonds, characterized by high certainty and a strong orientation toward the relationship.",945,55,890,toward_right_pole,1,0.98,380,620,-240,toward_left_pole,-1,0.9,720,280,440,toward_right_pole,1,0.85,120,880,-760,toward_left_pole,-1,0.92,890,110,780,toward_right_pole,1,0.95
claustrophobic,google/gemini-3-flash-preview,ok,,"Claustrophobia is a high-arousal, low-control negative state defined by the perceived threat of confinement and a desperate need for self-preservation.",115,885,-770,toward_left_pole,-1,0.95,820,180,640,toward_right_pole,1,0.9,85,915,-830,toward_left_pole,-1,0.95,640,360,280,toward_right_pole,1,0.85,150,850,-700,toward_left_pole,-1,0.8
comfortable,google/gemini-3-flash-preview,ok,,"Comfortable is a high-valence, low-arousal state defined by predictability, safety, and a relaxed sense of control over one's immediate surroundings.",820,180,640,toward_right_pole,1,0.95,180,820,-640,toward_left_pole,-1,0.9,650,350,300,toward_right_pole,1,0.85,120,880,-760,toward_left_pole,-1,0.9,350,650,-300,toward_left_pole,-1,0.8
comforted,google/gemini-3-flash-preview,ok,,"Comforted is a low-arousal, high-valence state characterized by social connection and a transition from distress to security and predictability.",880,120,760,toward_right_pole,1,0.95,210,790,-580,toward_left_pole,-1,0.9,620,380,240,toward_right_pole,1,0.85,180,820,-640,toward_left_pole,-1,0.8,840,160,680,toward_right_pole,1,0.9
compassionate,google/gemini-3-flash-preview,ok,,"Compassion is a positive, other-oriented emotion characterized by moderate agency, low uncertainty, and a calm but attentive level of physiological arousal.",820,180,640,toward_right_pole,1,0.95,410,590,-180,toward_left_pole,-1,0.85,680,320,360,toward_right_pole,1,0.88,240,760,-520,toward_left_pole,-1,0.82,960,40,920,toward_right_pole,1,0.98
concerned,google/gemini-3-flash-preview,ok,,"Concerned is a prosocial, mildly unpleasant state characterized by moderate uncertainty and outward focus regarding potential risks or others' well-being.",320,680,-360,toward_left_pole,-1,0.9,480,520,-40,balanced,0,0.85,410,590,-180,toward_left_pole,-1,0.8,650,350,300,toward_right_pole,1,0.85,720,280,440,toward_right_pole,1,0.9
conflicted,google/gemini-3-flash-preview,ok,,"Conflicted represents a low-control, high-uncertainty state of unpleasant tension arising from competing internal motivations or external pressures.",320,680,-360,toward_left_pole,-1,0.9,580,420,160,toward_right_pole,1,0.85,210,790,-580,toward_left_pole,-1,0.95,890,110,780,toward_right_pole,1,0.95,450,550,-100,toward_left_pole,-1,0.8
confused,google/gemini-3-flash-preview,ok,,"Confusion is defined by high uncertainty and low control, representing a cognitive impasse that is slightly aversive and moderately arousing.",380,620,-240,toward_left_pole,-1,0.85,450,550,-100,toward_left_pole,-1,0.8,210,790,-580,toward_left_pole,-1,0.9,920,80,840,toward_right_pole,1,0.95,480,520,-40,balanced,0,0.75
contemptuous,google/gemini-3-flash-preview,ok,,"Contempt involves a high-power, low-valence social evaluation where the subject feels superior and certain in their negative judgment of another.",180,820,-640,toward_left_pole,-1,0.95,420,580,-160,toward_left_pole,-1,0.85,780,220,560,toward_right_pole,1,0.9,150,850,-700,toward_left_pole,-1,0.8,890,110,780,toward_right_pole,1,0.95
content,google/gemini-3-flash-preview,ok,,"Contentment is a high-valence, low-arousal state defined by stability, internal satisfaction, and a sense of control over one's immediate circumstances.",820,180,640,toward_right_pole,1,0.95,210,790,-580,toward_left_pole,-1,0.9,740,260,480,toward_right_pole,1,0.85,120,880,-760,toward_left_pole,-1,0.88,350,650,-300,toward_left_pole,-1,0.8
cornered,google/gemini-3-flash-preview,ok,,"Cornered represents a high-arousal, low-control negative state where an individual feels trapped by external circumstances or agents, necessitating an urgent but restricted response.",180,820,-640,toward_left_pole,-1,0.95,720,280,440,toward_right_pole,1,0.9,110,890,-780,toward_left_pole,-1,0.95,640,360,280,toward_right_pole,1,0.85,580,420,160,toward_right_pole,1,0.8
crushed,google/gemini-3-flash-preview,ok,,"Crushed denotes a high-intensity negative state characterized by powerlessness and psychological devastation, typically following an unexpected blow to one's hopes or ego.",85,915,-830,toward_left_pole,-1,0.95,420,580,-160,toward_left_pole,-1,0.85,110,890,-780,toward_left_pole,-1,0.9,780,220,560,toward_right_pole,1,0.8,350,650,-300,toward_left_pole,-1,0.75
curious,google/gemini-3-flash-preview,ok,,"Curiosity is a positive, moderately arousing state driven by high uncertainty and an active desire to resolve information gaps.",720,280,440,toward_right_pole,1,0.9,580,420,160,toward_right_pole,1,0.85,610,390,220,toward_right_pole,1,0.8,840,160,680,toward_right_pole,1,0.95,450,550,-100,toward_left_pole,-1,0.75
defensive,google/gemini-3-flash-preview,ok,,"Defensiveness is a high-arousal, negative state triggered by perceived social threats, characterized by low agency and a protective focus on the self.",280,720,-440,toward_left_pole,-1,0.9,640,360,280,toward_right_pole,1,0.85,310,690,-380,toward_left_pole,-1,0.8,580,420,160,toward_right_pole,1,0.75,420,580,-160,toward_left_pole,-1,0.8
defiant,google/gemini-3-flash-preview,ok,,"Defiance is a high-arousal, high-control state characterized by active resistance to external pressure, typically leaning toward negative valence due to its confrontational nature.",380,620,-240,toward_left_pole,-1,0.85,780,220,560,toward_right_pole,1,0.9,720,280,440,toward_right_pole,1,0.88,410,590,-180,toward_left_pole,-1,0.8,640,360,280,toward_right_pole,1,0.82
dejected,google/gemini-3-flash-preview,ok,,"Dejection is a low-arousal, highly unpleasant state marked by a profound lack of control and internal focus following disappointment or failure.",180,820,-640,toward_left_pole,-1,0.95,210,790,-580,toward_left_pole,-1,0.9,140,860,-720,toward_left_pole,-1,0.85,320,680,-360,toward_left_pole,-1,0.8,280,720,-440,toward_left_pole,-1,0.75
delighted,google/gemini-3-flash-preview,ok,,"Delighted is a high-valence, moderately high-arousal emotion characterized by satisfaction and a sense of control following positive events.",945,55,890,toward_right_pole,1,0.98,680,320,360,toward_right_pole,1,0.92,720,280,440,toward_right_pole,1,0.85,210,790,-580,toward_left_pole,-1,0.88,550,450,100,toward_right_pole,1,0.75
demeaned,google/gemini-3-flash-preview,ok,,"Demeaned is a low-valence, low-control social emotion triggered by external devaluation, resulting in moderate arousal and high other-orientation.",115,885,-770,toward_left_pole,-1,0.95,480,520,-40,balanced,0,0.85,140,860,-720,toward_left_pole,-1,0.9,320,680,-360,toward_left_pole,-1,0.8,820,180,640,toward_right_pole,1,0.9
demoralized,google/gemini-3-flash-preview,ok,,"Demoralization is a low-arousal, highly unpleasant state defined by a total loss of control and confidence in one's ability to succeed.",145,855,-710,toward_left_pole,-1,0.95,280,720,-440,toward_left_pole,-1,0.85,110,890,-780,toward_left_pole,-1,0.9,620,380,240,toward_right_pole,1,0.8,410,590,-180,toward_left_pole,-1,0.75
dependent,google/gemini-3-flash-preview,ok,,"Dependency is defined by low agency and high social orientation, reflecting a passive state where well-being is contingent upon others.",410,590,-180,toward_left_pole,-1,0.85,320,680,-360,toward_left_pole,-1,0.8,180,820,-640,toward_left_pole,-1,0.95,580,420,160,toward_right_pole,1,0.75,890,110,780,toward_right_pole,1,0.9
desolate,google/gemini-3-flash-preview,ok,,"Desolate is a highly negative, low-arousal state defined by extreme loneliness, powerlessness, and a sense of being utterly forsaken.",85,915,-830,toward_left_pole,-1,0.98,210,790,-580,toward_left_pole,-1,0.92,115,885,-770,toward_left_pole,-1,0.95,420,580,-160,toward_left_pole,-1,0.85,180,820,-640,toward_left_pole,-1,0.9
despairing,google/gemini-3-flash-preview,ok,,"Despairing is a highly negative, low-agency state marked by hopelessness, low physiological arousal, and a self-oriented focus on one's perceived inability to influence the future.",42,958,-916,toward_left_pole,-1,0.98,310,690,-380,toward_left_pole,-1,0.85,15,985,-970,toward_left_pole,-1,0.95,180,820,-640,toward_left_pole,-1,0.8,220,780,-560,toward_left_pole,-1,0.75
desperate,google/gemini-3-flash-preview,ok,,"Desperation is a high-arousal, low-control negative state defined by an urgent, uncertain need to escape a dire situation.",85,915,-830,toward_left_pole,-1,0.95,780,220,560,toward_right_pole,1,0.9,110,890,-780,toward_left_pole,-1,0.95,820,180,640,toward_right_pole,1,0.85,420,580,-160,toward_left_pole,-1,0.75
despondent,google/gemini-3-flash-preview,ok,,"Despondency is a low-arousal, highly negative state defined by hopelessness and a profound lack of perceived control over one's circumstances.",110,890,-780,toward_left_pole,-1,0.95,220,780,-560,toward_left_pole,-1,0.85,85,915,-830,toward_left_pole,-1,0.9,350,650,-300,toward_left_pole,-1,0.8,280,720,-440,toward_left_pole,-1,0.75
devastated,google/gemini-3-flash-preview,ok,,"Devastated is a highly negative, low-control state of intense grief or shock, typically following an unpredictable and overwhelming personal loss.",42,958,-916,toward_left_pole,-1,0.98,710,290,420,toward_right_pole,1,0.85,85,915,-830,toward_left_pole,-1,0.95,640,360,280,toward_right_pole,1,0.8,410,590,-180,toward_left_pole,-1,0.75
disappointed,google/gemini-3-flash-preview,ok,,"Disappointment is a low-arousal, unpleasant state occurring when a certain outcome fails to meet expectations, often involving a perceived lack of agency.",210,790,-580,toward_left_pole,-1,0.95,380,620,-240,toward_left_pole,-1,0.85,290,710,-420,toward_left_pole,-1,0.9,150,850,-700,toward_left_pole,-1,0.8,450,550,-100,toward_left_pole,-1,0.75
discomforted,google/gemini-3-flash-preview,ok,,"Discomforted is a negative, low-to-mid arousal state characterized by a lack of control and a sense of awkwardness or unpredictability in one's environment.",280,720,-440,toward_left_pole,-1,0.95,420,580,-160,toward_left_pole,-1,0.85,310,690,-380,toward_left_pole,-1,0.8,640,360,280,toward_right_pole,1,0.75,550,450,100,toward_right_pole,1,0.7
discontented,google/gemini-3-flash-preview,ok,,"Discontented is a low-valence, low-to-mid arousal state characterized by internal dissatisfaction and a perceived lack of agency to change current circumstances.",280,720,-440,toward_left_pole,-1,0.95,410,590,-180,toward_left_pole,-1,0.85,320,680,-360,toward_left_pole,-1,0.8,380,620,-240,toward_left_pole,-1,0.75,210,790,-580,toward_left_pole,-1,0.8
discouraged,google/gemini-3-flash-preview,ok,,"Discouragement is a low-arousal, negative state defined by low control and a loss of confidence in achieving goals.",210,790,-580,toward_left_pole,-1,0.95,320,680,-360,toward_left_pole,-1,0.85,180,820,-640,toward_left_pole,-1,0.9,640,360,280,toward_right_pole,1,0.8,450,550,-100,toward_left_pole,-1,0.75
disgusted,google/gemini-3-flash-preview,ok,,"Disgust is a highly unpleasant, moderately arousing avoidance emotion typically triggered by certain, identifiable stimuli, ranging from physical contaminants to moral transgressions.",120,880,-760,toward_left_pole,-1,0.98,610,390,220,toward_right_pole,1,0.92,420,580,-160,toward_left_pole,-1,0.85,280,720,-440,toward_left_pole,-1,0.88,450,550,-100,toward_left_pole,-1,0.82
disheartened,google/gemini-3-flash-preview,ok,,"Disheartened is a low-arousal, negative emotion marked by a loss of confidence and perceived lack of control following a setback.",210,790,-580,toward_left_pole,-1,0.95,320,680,-360,toward_left_pole,-1,0.9,240,760,-520,toward_left_pole,-1,0.85,410,590,-180,toward_left_pole,-1,0.8,450,550,-100,toward_left_pole,-1,0.75
disillusioned,google/gemini-3-flash-preview,ok,,"Disillusionment is a low-arousal, negative state following the loss of an idealized belief, resulting in low perceived control and high certainty about a grim reality.",210,790,-580,toward_left_pole,-1,0.95,320,680,-360,toward_left_pole,-1,0.85,280,720,-440,toward_left_pole,-1,0.9,150,850,-700,toward_left_pole,-1,0.8,450,550,-100,toward_left_pole,-1,0.75
dismayed,google/gemini-3-flash-preview,ok,,"Dismay combines low valence and low control with moderate arousal, typically following an unexpected and discouraging realization or event.",180,820,-640,toward_left_pole,-1,0.95,580,420,160,toward_right_pole,1,0.85,210,790,-580,toward_left_pole,-1,0.9,740,260,480,toward_right_pole,1,0.88,450,550,-100,toward_left_pole,-1,0.75
distressed,google/gemini-3-flash-preview,ok,,"Distress is a high-arousal, low-valence state characterized by a lack of control and significant psychological strain.",145,855,-710,toward_left_pole,-1,0.95,780,220,560,toward_right_pole,1,0.9,210,790,-580,toward_left_pole,-1,0.85,690,310,380,toward_right_pole,1,0.8,420,580,-160,toward_left_pole,-1,0.75
distrustful,google/gemini-3-flash-preview,ok,,"Distrustful is a negative, high-uncertainty state characterized by social vigilance and a perceived lack of agency over external social outcomes.",210,790,-580,toward_left_pole,-1,0.95,580,420,160,toward_right_pole,1,0.85,340,660,-320,toward_left_pole,-1,0.8,890,110,780,toward_right_pole,1,0.95,920,80,840,toward_right_pole,1,0.9
disturbed,google/gemini-3-flash-preview,ok,,"Disturbed reflects a negative, high-arousal state of mental agitation characterized by low control and high uncertainty following a disruption of one's peace or expectations.",180,820,-640,toward_left_pole,-1,0.95,620,380,240,toward_right_pole,1,0.85,240,760,-520,toward_left_pole,-1,0.8,710,290,420,toward_right_pole,1,0.85,450,550,-100,toward_left_pole,-1,0.7
doubtful,google/gemini-3-flash-preview,ok,,"Doubtful is a high-uncertainty, low-control state characterized by unpleasant hesitation and moderate mental tension regarding the validity of a proposition or outcome.",320,680,-360,toward_left_pole,-1,0.9,410,590,-180,toward_left_pole,-1,0.85,280,720,-440,toward_left_pole,-1,0.9,920,80,840,toward_right_pole,1,0.95,450,550,-100,toward_left_pole,-1,0.8
dreadful,google/gemini-3-flash-preview,ok,,"Dreadful denotes an intense, low-valence state of apprehensive fear, marked by low control and high uncertainty regarding an impending negative event.",85,915,-830,toward_left_pole,-1,0.98,720,280,440,toward_right_pole,1,0.92,140,860,-720,toward_left_pole,-1,0.95,810,190,620,toward_right_pole,1,0.88,310,690,-380,toward_left_pole,-1,0.85
eager,google/gemini-3-flash-preview,ok,,"Eager is a high-arousal, positive emotion characterized by approach motivation and a sense of readiness for an anticipated rewarding event.",780,220,560,toward_right_pole,1,0.95,720,280,440,toward_right_pole,1,0.9,650,350,300,toward_right_pole,1,0.85,420,580,-160,toward_left_pole,-1,0.8,450,550,-100,toward_left_pole,-1,0.75
ecstatic,google/gemini-3-flash-preview,ok,,"Ecstatic is a high-arousal, extremely positive emotion reflecting peak joy and significant agency, typically occurring when a major goal or desire is fulfilled.",965,35,930,toward_right_pole,1,0.98,910,90,820,toward_right_pole,1,0.95,720,280,440,toward_right_pole,1,0.85,210,790,-580,toward_left_pole,-1,0.8,480,520,-40,balanced,0,0.75
elated,google/gemini-3-flash-preview,ok,,"Elated is a high-arousal, highly positive emotion reflecting triumph and mastery, typically occurring when a desired goal is achieved, resulting in high control and low uncertainty.",945,55,890,toward_right_pole,1,0.98,820,180,640,toward_right_pole,1,0.95,780,220,560,toward_right_pole,1,0.9,210,790,-580,toward_left_pole,-1,0.85,450,550,-100,toward_left_pole,-1,0.8
embarrassed,google/gemini-3-flash-preview,ok,,"Embarrassment is a self-conscious, social emotion involving negative valence, moderate arousal, and low agency, triggered by perceived failures in social presentation.",280,720,-440,toward_left_pole,-1,0.95,620,380,240,toward_right_pole,1,0.9,310,690,-380,toward_left_pole,-1,0.85,580,420,160,toward_right_pole,1,0.8,890,110,780,toward_right_pole,1,0.95
empathetic,google/gemini-3-flash-preview,ok,,"Empathetic is a highly social, positive state characterized by moderate arousal and a strong focus on understanding another person's perspective.",780,220,560,toward_right_pole,1,0.9,420,580,-160,toward_left_pole,-1,0.8,610,390,220,toward_right_pole,1,0.8,350,650,-300,toward_left_pole,-1,0.7,980,20,960,toward_right_pole,1,1.0
empty,google/gemini-3-flash-preview,ok,,"Emptiness is a low-arousal, negative state defined by a lack of internal substance, agency, and social connection, often associated with depression or grief.",180,820,-640,toward_left_pole,-1,0.95,120,880,-760,toward_left_pole,-1,0.9,210,790,-580,toward_left_pole,-1,0.85,450,550,-100,toward_left_pole,-1,0.8,150,850,-700,toward_left_pole,-1,0.85
enchanted,google/gemini-3-flash-preview,ok,,"Enchanted represents a high-valence, low-control state where one is pleasantly captivated by something wondrous, mysterious, or externally beautiful.",890,110,780,toward_right_pole,1,0.95,620,380,240,toward_right_pole,1,0.85,310,690,-380,toward_left_pole,-1,0.8,740,260,480,toward_right_pole,1,0.85,580,420,160,toward_right_pole,1,0.75
encouraged,google/gemini-3-flash-preview,ok,,"Encouraged is a positive, moderately arousing state characterized by high agency and social connection, typically reducing uncertainty about future success.",845,155,690,toward_right_pole,1,0.95,610,390,220,toward_right_pole,1,0.9,780,220,560,toward_right_pole,1,0.92,320,680,-360,toward_left_pole,-1,0.85,680,320,360,toward_right_pole,1,0.88
energized,google/gemini-3-flash-preview,ok,,"Energized is a high-arousal, positive state reflecting significant agency and readiness, typically focused on internal drive rather than external social orientation.",820,180,640,toward_right_pole,1,0.95,880,120,760,toward_right_pole,1,0.98,740,260,480,toward_right_pole,1,0.9,310,690,-380,toward_left_pole,-1,0.85,450,550,-100,toward_left_pole,-1,0.8
enraged,google/gemini-3-flash-preview,ok,,"Enraged represents peak intensity anger, characterized by high arousal, high agency, and extreme negative valence, usually directed at an external target.",85,915,-830,toward_left_pole,-1,0.98,960,40,920,toward_right_pole,1,0.99,720,280,440,toward_right_pole,1,0.85,210,790,-580,toward_left_pole,-1,0.8,640,360,280,toward_right_pole,1,0.88
enthralled,google/gemini-3-flash-preview,ok,,"Enthralled describes a highly positive, aroused state of being captivated, where the external stimulus holds significant power over the subject's attention.",880,120,760,toward_right_pole,1,0.95,720,280,440,toward_right_pole,1,0.9,350,650,-300,toward_left_pole,-1,0.85,410,590,-180,toward_left_pole,-1,0.8,620,380,240,toward_right_pole,1,0.75
enthusiastic,google/gemini-3-flash-preview,ok,,"Enthusiasm is a high-arousal, positive emotion characterized by strong agency and goal-directed energy, typically associated with predictable positive prospects.",880,120,760,toward_right_pole,1,0.95,760,240,520,toward_right_pole,1,0.95,720,280,440,toward_right_pole,1,0.9,310,690,-380,toward_left_pole,-1,0.85,580,420,160,toward_right_pole,1,0.8
envious,google/gemini-3-flash-preview,ok,,"Envy is a socially-oriented, unpleasant state of low control, driven by comparing one's own perceived lack against another's advantage.",240,760,-520,toward_left_pole,-1,0.95,580,420,160,toward_right_pole,1,0.85,310,690,-380,toward_left_pole,-1,0.9,380,620,-240,toward_left_pole,-1,0.8,890,110,780,toward_right_pole,1,0.95
euphoric,google/gemini-3-flash-preview,ok,,"Euphoria is a high-arousal, extremely positive state of intense well-being and agency, typically occurring as a peak internal emotional experience.",965,35,930,toward_right_pole,1,0.98,890,110,780,toward_right_pole,1,0.95,620,380,240,toward_right_pole,1,0.85,310,690,-380,toward_left_pole,-1,0.8,450,550,-100,toward_left_pole,-1,0.75
exasperated,google/gemini-3-flash-preview,ok,,"Exasperation is a high-arousal, negative state characterized by low agency and social friction, often resulting from repeated external frustrations.",210,790,-580,toward_left_pole,-1,0.95,740,260,480,toward_right_pole,1,0.9,320,680,-360,toward_left_pole,-1,0.85,410,590,-180,toward_left_pole,-1,0.8,680,320,360,toward_right_pole,1,0.85
excited,google/gemini-3-flash-preview,ok,,"Excitement is a high-arousal, positively-valenced state driven by the anticipation of rewarding stimuli, typically associated with high agency and moderate certainty.",820,180,640,toward_right_pole,1,0.95,880,120,760,toward_right_pole,1,0.98,650,350,300,toward_right_pole,1,0.85,420,580,-160,toward_left_pole,-1,0.8,450,550,-100,toward_left_pole,-1,0.75
excluded,google/gemini-3-flash-preview,ok,,"Excluded represents a low-valence, low-control state driven by social rejection, characterized by high social orientation and moderate uncertainty regarding one's status.",180,820,-640,toward_left_pole,-1,0.95,420,580,-160,toward_left_pole,-1,0.85,150,850,-700,toward_left_pole,-1,0.9,610,390,220,toward_right_pole,1,0.8,880,120,760,toward_right_pole,1,0.95
exhilarated,google/gemini-3-flash-preview,ok,,"Exhilaration is a high-arousal, strongly positive emotion characterized by intense energy and a sense of personal triumph or thrill.",890,110,780,toward_right_pole,1,0.95,920,80,840,toward_right_pole,1,0.98,710,290,420,toward_right_pole,1,0.85,420,580,-160,toward_left_pole,-1,0.8,350,650,-300,toward_left_pole,-1,0.75
exposed,google/gemini-3-flash-preview,ok,,"Exposed denotes a state of vulnerable visibility, characterized by low control, high social orientation, and significant uncertainty regarding external judgment or harm.",280,720,-440,toward_left_pole,-1,0.85,640,360,280,toward_right_pole,1,0.8,210,790,-580,toward_left_pole,-1,0.9,720,280,440,toward_right_pole,1,0.8,780,220,560,toward_right_pole,1,0.85
fearful,google/gemini-3-flash-preview,ok,,"Fearful is a high-arousal, negative emotion defined by low agency and high uncertainty, primarily centered on the individual's immediate survival or safety.",180,820,-640,toward_left_pole,-1,0.95,820,180,640,toward_right_pole,1,0.9,210,790,-580,toward_left_pole,-1,0.85,780,220,560,toward_right_pole,1,0.8,350,650,-300,toward_left_pole,-1,0.75
fond,google/gemini-3-flash-preview,ok,,"Fondness is a highly positive, low-arousal emotion characterized by social warmth, familiarity, and a sense of stable, predictable affection toward an external target.",845,155,690,toward_right_pole,1,0.95,310,690,-380,toward_left_pole,-1,0.85,620,380,240,toward_right_pole,1,0.8,180,820,-640,toward_left_pole,-1,0.85,890,110,780,toward_right_pole,1,0.95
forgiving,google/gemini-3-flash-preview,ok,,"Forgiving is a high-valence, low-arousal prosocial state characterized by high agency and the intentional resolution of interpersonal conflict.",840,160,680,toward_right_pole,1,0.95,320,680,-360,toward_left_pole,-1,0.85,780,220,560,toward_right_pole,1,0.9,210,790,-580,toward_left_pole,-1,0.8,910,90,820,toward_right_pole,1,0.95
forlorn,google/gemini-3-flash-preview,ok,,"Forlorn represents a low-arousal, highly negative state of helplessness and isolation, typically following a significant loss or abandonment where the individual feels no control.",115,885,-770,toward_left_pole,-1,0.95,280,720,-440,toward_left_pole,-1,0.85,105,895,-790,toward_left_pole,-1,0.9,420,580,-160,toward_left_pole,-1,0.8,310,690,-380,toward_left_pole,-1,0.85
fragile,google/gemini-3-flash-preview,ok,,"Fragility denotes a low-control, vulnerable state with negative valence, characterized by high uncertainty regarding one's stability and a cautious, low-to-moderate arousal level.",310,690,-380,toward_left_pole,-1,0.9,420,580,-160,toward_left_pole,-1,0.85,120,880,-760,toward_left_pole,-1,0.95,780,220,560,toward_right_pole,1,0.8,450,550,-100,toward_left_pole,-1,0.75
frightened,google/gemini-3-flash-preview,ok,,"Frightened is a high-arousal, negative-valence state marked by low control and high uncertainty, primarily focused on self-preservation in response to perceived threats.",180,820,-640,toward_left_pole,-1,0.95,820,180,640,toward_right_pole,1,0.92,210,790,-580,toward_left_pole,-1,0.88,740,260,480,toward_right_pole,1,0.85,350,650,-300,toward_left_pole,-1,0.75
frustrated,google/gemini-3-flash-preview,ok,,"Frustration is a high-arousal, low-valence state marked by low agency and perceived powerlessness against obstacles preventing goal attainment.",210,790,-580,toward_left_pole,-1,0.95,680,320,360,toward_right_pole,1,0.9,240,760,-520,toward_left_pole,-1,0.85,420,580,-160,toward_left_pole,-1,0.8,350,650,-300,toward_left_pole,-1,0.75
fulfilled,google/gemini-3-flash-preview,ok,,"Fulfilled represents a high-valence, high-control state of calm satisfaction following the attainment of meaningful goals, characterized by low uncertainty and moderate self-focus.",910,90,820,toward_right_pole,1,0.98,380,620,-240,toward_left_pole,-1,0.92,840,160,680,toward_right_pole,1,0.95,120,880,-760,toward_left_pole,-1,0.9,450,550,-100,toward_left_pole,-1,0.85
furious,google/gemini-3-flash-preview,ok,,"Furious represents high-arousal, negative-valence anger, characterized by a strong sense of agency and an outward social focus toward a specific cause.",115,885,-770,toward_left_pole,-1,0.98,940,60,880,toward_right_pole,1,0.99,680,320,360,toward_right_pole,1,0.85,210,790,-580,toward_left_pole,-1,0.8,720,280,440,toward_right_pole,1,0.88
glad,google/gemini-3-flash-preview,ok,,"Glad is a high-valence, low-arousal emotion characterized by certainty and satisfaction, often occurring after a positive resolution or social interaction.",845,155,690,toward_right_pole,1,0.98,420,580,-160,toward_left_pole,-1,0.92,680,320,360,toward_right_pole,1,0.88,180,820,-640,toward_left_pole,-1,0.9,550,450,100,toward_right_pole,1,0.85
gloomy,google/gemini-3-flash-preview,ok,,"Gloomy is a low-arousal, negative affective state characterized by internal withdrawal, low agency, and a pervasive sense of sadness or pessimism.",210,790,-580,toward_left_pole,-1,0.95,280,720,-440,toward_left_pole,-1,0.9,320,680,-360,toward_left_pole,-1,0.85,410,590,-180,toward_left_pole,-1,0.8,240,760,-520,toward_left_pole,-1,0.85
grateful,google/gemini-3-flash-preview,ok,,"Grateful is a highly positive, low-to-mid arousal state characterized by strong social orientation and a sense of certainty following a beneficial outcome.",890,110,780,toward_right_pole,1,0.98,420,580,-160,toward_left_pole,-1,0.9,610,390,220,toward_right_pole,1,0.85,180,820,-640,toward_left_pole,-1,0.88,920,80,840,toward_right_pole,1,0.95
grief-stricken,google/gemini-3-flash-preview,ok,,"Grief-stricken is a highly negative, high-arousal state marked by a profound lack of control and a focus on lost social connection.",42,958,-916,toward_left_pole,-1,0.98,710,290,420,toward_right_pole,1,0.85,115,885,-770,toward_left_pole,-1,0.92,680,320,360,toward_right_pole,1,0.8,840,160,680,toward_right_pole,1,0.88
guarded,google/gemini-3-flash-preview,ok,,"Guardedness is a low-arousal, self-protective state marked by caution and social withdrawal in response to perceived uncertainty or potential interpersonal threat.",380,620,-240,toward_left_pole,-1,0.85,420,580,-160,toward_left_pole,-1,0.8,610,390,220,toward_right_pole,1,0.75,720,280,440,toward_right_pole,1,0.85,310,690,-380,toward_left_pole,-1,0.8
guilty,google/gemini-3-flash-preview,ok,,"Guilt is a negative, moderately arousing social emotion triggered by certain knowledge of harming others, characterized by low agency and high other-orientation.",180,820,-640,toward_left_pole,-1,0.95,580,420,160,toward_right_pole,1,0.85,320,680,-360,toward_left_pole,-1,0.88,210,790,-580,toward_left_pole,-1,0.82,890,110,780,toward_right_pole,1,0.92
happy,google/gemini-3-flash-preview,ok,,"Happy is a prototypical positive emotion characterized by high valence, moderate arousal, and a strong sense of personal control and predictability.",920,80,840,toward_right_pole,1,0.98,610,390,220,toward_right_pole,1,0.92,780,220,560,toward_right_pole,1,0.9,180,820,-640,toward_left_pole,-1,0.88,450,550,-100,toward_left_pole,-1,0.85
hateful,google/gemini-3-flash-preview,ok,,"Hateful is a high-arousal, deeply negative social emotion characterized by strong certainty and a perceived sense of agency or dominance over the target.",42,958,-916,toward_left_pole,-1,0.98,815,185,630,toward_right_pole,1,0.95,680,320,360,toward_right_pole,1,0.85,120,880,-760,toward_left_pole,-1,0.9,890,110,780,toward_right_pole,1,0.95
haunted,google/gemini-3-flash-preview,ok,,"Haunted describes a low-valence, low-control state of persistent mental intrusion, characterized by moderate-to-high arousal and a sense of being overwhelmed by inescapable, unpredictable memories.",180,820,-640,toward_left_pole,-1,0.95,620,380,240,toward_right_pole,1,0.85,140,860,-720,toward_left_pole,-1,0.9,710,290,420,toward_right_pole,1,0.8,350,650,-300,toward_left_pole,-1,0.75
heartbroken,google/gemini-3-flash-preview,ok,,"Heartbroken is a deeply negative, low-control state centered on interpersonal loss, typically manifesting as low-arousal despair following a definitive social rupture.",42,958,-916,toward_left_pole,-1,0.98,410,590,-180,toward_left_pole,-1,0.85,115,885,-770,toward_left_pole,-1,0.92,380,620,-240,toward_left_pole,-1,0.8,720,280,440,toward_right_pole,1,0.88
helpless,google/gemini-3-flash-preview,ok,,"Helplessness is characterized by a near-total absence of control, negative valence, and high uncertainty, often resulting in moderate to low physiological arousal.",120,880,-760,toward_left_pole,-1,0.95,410,590,-180,toward_left_pole,-1,0.85,45,955,-910,toward_left_pole,-1,0.98,780,220,560,toward_right_pole,1,0.9,320,680,-360,toward_left_pole,-1,0.8
hesitant,google/gemini-3-flash-preview,ok,,"Hesitancy is defined by high uncertainty and low control, representing a state of inhibited activation and mild unpleasantness during decision-making.",410,590,-180,toward_left_pole,-1,0.85,420,580,-160,toward_left_pole,-1,0.8,320,680,-360,toward_left_pole,-1,0.9,880,120,760,toward_right_pole,1,0.95,480,520,-40,balanced,0,0.75
homesick,google/gemini-3-flash-preview,ok,,"Homesickness is a negative, low-arousal state driven by social longing and a perceived lack of agency over one's current location or environment.",210,790,-580,toward_left_pole,-1,0.95,420,580,-160,toward_left_pole,-1,0.85,310,690,-380,toward_left_pole,-1,0.9,380,620,-240,toward_left_pole,-1,0.8,780,220,560,toward_right_pole,1,0.9
hopeful,google/gemini-3-flash-preview,ok,,"Hope is a positive-valence, future-oriented emotion characterized by moderate arousal and high uncertainty regarding the eventual outcome.",840,160,680,toward_right_pole,1,0.95,520,480,40,balanced,0,0.85,610,390,220,toward_right_pole,1,0.8,720,280,440,toward_right_pole,1,0.9,450,550,-100,toward_left_pole,-1,0.75
hopeless,google/gemini-3-flash-preview,ok,,"Hopelessness is a low-arousal, highly negative state marked by a profound lack of control and a bleak certainty regarding future failure.",85,915,-830,toward_left_pole,-1,0.98,210,790,-580,toward_left_pole,-1,0.92,45,955,-910,toward_left_pole,-1,0.98,180,820,-640,toward_left_pole,-1,0.85,320,680,-360,toward_left_pole,-1,0.8
horrified,google/gemini-3-flash-preview,ok,,"Horrified is a high-arousal, low-valence state marked by a lack of control and shock, often occurring in response to external social or moral violations.",42,958,-916,toward_left_pole,-1,0.98,890,110,780,toward_right_pole,1,0.95,115,885,-770,toward_left_pole,-1,0.92,780,220,560,toward_right_pole,1,0.88,610,390,220,toward_right_pole,1,0.85
hostile,google/gemini-3-flash-preview,ok,,"Hostility is a high-arousal, negative-valence state characterized by social antagonism and a relatively high sense of agency or control over the target.",180,820,-640,toward_left_pole,-1,0.95,760,240,520,toward_right_pole,1,0.92,620,380,240,toward_right_pole,1,0.85,310,690,-380,toward_left_pole,-1,0.8,890,110,780,toward_right_pole,1,0.95
humiliated,google/gemini-3-flash-preview,ok,,"Humiliation is a highly negative, low-control social emotion triggered by public devaluation, resulting in significant physiological arousal and a focus on external perception.",85,915,-830,toward_left_pole,-1,0.98,620,380,240,toward_right_pole,1,0.92,110,890,-780,toward_left_pole,-1,0.95,450,550,-100,toward_left_pole,-1,0.85,890,110,780,toward_right_pole,1,0.96
hurt,google/gemini-3-flash-preview,ok,,"Hurt is a highly negative, low-control, and socially-oriented emotion typically resulting from perceived interpersonal rejection or betrayal.",120,880,-760,toward_left_pole,-1,0.95,480,520,-40,balanced,0,0.85,210,790,-580,toward_left_pole,-1,0.9,450,550,-100,toward_left_pole,-1,0.8,780,220,560,toward_right_pole,1,0.9
hysterical,google/gemini-3-flash-preview,ok,,"Hysterical denotes an extreme, high-arousal state of emotional dysregulation and loss of control, usually perceived as negative and highly unpredictable.",210,790,-580,toward_left_pole,-1,0.9,980,20,960,toward_right_pole,1,0.95,85,915,-830,toward_left_pole,-1,0.95,890,110,780,toward_right_pole,1,0.85,420,580,-160,toward_left_pole,-1,0.75
impatient,google/gemini-3-flash-preview,ok,,"Impatience is a high-arousal, low-valence state driven by a lack of control over delays and a self-focused desire for immediate goal attainment.",320,680,-360,toward_left_pole,-1,0.9,680,320,360,toward_right_pole,1,0.95,380,620,-240,toward_left_pole,-1,0.85,610,390,220,toward_right_pole,1,0.8,450,550,-100,toward_left_pole,-1,0.75
indignant,google/gemini-3-flash-preview,ok,,"Indignation is a high-arousal, social emotion triggered by perceived unfairness, characterized by moral certainty and a negative but empowered affective state.",210,790,-580,toward_left_pole,-1,0.95,740,260,480,toward_right_pole,1,0.9,680,320,360,toward_right_pole,1,0.85,180,820,-640,toward_left_pole,-1,0.8,820,180,640,toward_right_pole,1,0.9
infatuated,google/gemini-3-flash-preview,ok,,"Infatuation is a high-arousal, positive state focused on another person, often involving a loss of personal control and significant situational uncertainty.",780,220,560,toward_right_pole,1,0.9,820,180,640,toward_right_pole,1,0.95,310,690,-380,toward_left_pole,-1,0.85,640,360,280,toward_right_pole,1,0.8,890,110,780,toward_right_pole,1,0.9
insecure,google/gemini-3-flash-preview,ok,,"Insecurity is a low-valence, low-control state defined by high uncertainty and moderate anxious arousal, primarily centered on self-doubt within social or personal contexts.",210,790,-580,toward_left_pole,-1,0.95,580,420,160,toward_right_pole,1,0.85,140,860,-720,toward_left_pole,-1,0.95,890,110,780,toward_right_pole,1,0.9,420,580,-160,toward_left_pole,-1,0.8
inspired,google/gemini-3-flash-preview,ok,,"Inspiration is a highly positive, activating state characterized by a sense of agency and often triggered by external excellence or novel insights.",880,120,760,toward_right_pole,1,0.95,650,350,300,toward_right_pole,1,0.9,720,280,440,toward_right_pole,1,0.85,410,590,-180,toward_left_pole,-1,0.8,580,420,160,toward_right_pole,1,0.75
insulted,google/gemini-3-flash-preview,ok,,"Insulted is a high-arousal, negative social emotion characterized by a perceived loss of agency and a strong orientation toward the offending party.",180,820,-640,toward_left_pole,-1,0.95,680,320,360,toward_right_pole,1,0.9,310,690,-380,toward_left_pole,-1,0.85,420,580,-160,toward_left_pole,-1,0.8,890,110,780,toward_right_pole,1,0.95
intimidated,google/gemini-3-flash-preview,ok,,"Intimidation is a low-valence, high-arousal state defined by low personal control and high social orientation, typically triggered by an external perceived threat.",210,790,-580,toward_left_pole,-1,0.95,680,320,360,toward_right_pole,1,0.9,120,880,-760,toward_left_pole,-1,0.98,740,260,480,toward_right_pole,1,0.85,890,110,780,toward_right_pole,1,0.92
invigorated,google/gemini-3-flash-preview,ok,,"Invigorated represents a high-arousal, positive state of empowerment and readiness, reflecting strong internal agency and low uncertainty.",880,120,760,toward_right_pole,1,0.95,820,180,640,toward_right_pole,1,0.95,790,210,580,toward_right_pole,1,0.9,210,790,-580,toward_left_pole,-1,0.85,350,650,-300,toward_left_pole,-1,0.8
irate,google/gemini-3-flash-preview,ok,,"Irate is a high-arousal, negative emotion characterized by intense anger, high agency, and a strong social focus toward the source of frustration.",110,890,-780,toward_left_pole,-1,0.95,920,80,840,toward_right_pole,1,0.98,680,320,360,toward_right_pole,1,0.85,240,760,-520,toward_left_pole,-1,0.8,710,290,420,toward_right_pole,1,0.88
irked,google/gemini-3-flash-preview,ok,,"Irked is a low-intensity, negative state of annoyance typically triggered by social friction or minor external inconveniences.",310,690,-380,toward_left_pole,-1,0.95,420,580,-160,toward_left_pole,-1,0.9,480,520,-40,balanced,0,0.85,350,650,-300,toward_left_pole,-1,0.8,620,380,240,toward_right_pole,1,0.85
irritated,google/gemini-3-flash-preview,ok,,Irritation is a low-to-mid arousal negative state characterized by frustration with external obstacles and a moderate sense of diminished agency.,280,720,-440,toward_left_pole,-1,0.95,580,420,160,toward_right_pole,1,0.9,410,590,-180,toward_left_pole,-1,0.85,320,680,-360,toward_left_pole,-1,0.8,450,550,-100,toward_left_pole,-1,0.75
isolated,google/gemini-3-flash-preview,ok,,"Isolation is a low-arousal, unpleasant state marked by low agency and a focus on the self's disconnection from the social environment.",210,790,-580,toward_left_pole,-1,0.95,320,680,-360,toward_left_pole,-1,0.85,280,720,-440,toward_left_pole,-1,0.9,450,550,-100,toward_left_pole,-1,0.8,120,880,-760,toward_left_pole,-1,0.95
jealous,google/gemini-3-flash-preview,ok,,"Jealousy is a high-arousal, negative social emotion rooted in uncertainty and perceived loss of control within interpersonal relationships.",210,790,-580,toward_left_pole,-1,0.95,740,260,480,toward_right_pole,1,0.9,320,680,-360,toward_left_pole,-1,0.85,780,220,560,toward_right_pole,1,0.88,890,110,780,toward_right_pole,1,0.92
jittery,google/gemini-3-flash-preview,ok,,"Jittery describes a high-arousal, low-valence state of nervous agitation, typically involving low perceived control and a focus on internal physical instability.",320,680,-360,toward_left_pole,-1,0.9,780,220,560,toward_right_pole,1,0.95,280,720,-440,toward_left_pole,-1,0.85,650,350,300,toward_right_pole,1,0.8,150,850,-700,toward_left_pole,-1,0.85
joyful,google/gemini-3-flash-preview,ok,,"Joyful is a highly positive, moderately arousing state associated with high control and low uncertainty, often occurring in social or achievement contexts.",945,55,890,toward_right_pole,1,0.98,680,320,360,toward_right_pole,1,0.92,720,280,440,toward_right_pole,1,0.85,210,790,-580,toward_left_pole,-1,0.88,550,450,100,toward_right_pole,1,0.8
jubilant,google/gemini-3-flash-preview,ok,,"Jubilant is a high-arousal, highly positive emotion signifying triumph and certainty, often expressed through social celebration and a strong sense of agency.",945,55,890,toward_right_pole,1,0.98,820,180,640,toward_right_pole,1,0.95,780,220,560,toward_right_pole,1,0.9,150,850,-700,toward_left_pole,-1,0.85,610,390,220,toward_right_pole,1,0.8
let down,google/gemini-3-flash-preview,ok,,"Being let down is a low-arousal, unpleasant state resulting from failed social expectations, characterized by low control and a focus on others' shortcomings.",210,790,-580,toward_left_pole,-1,0.95,320,680,-360,toward_left_pole,-1,0.85,280,720,-440,toward_left_pole,-1,0.9,450,550,-100,toward_left_pole,-1,0.8,740,260,480,toward_right_pole,1,0.9
lighthearted,google/gemini-3-flash-preview,ok,,"Lightheartedness is a positive, low-stress state characterized by a lack of gravity or worry, reflecting high valence and moderate control.",880,120,760,toward_right_pole,1,0.95,420,580,-160,toward_left_pole,-1,0.85,710,290,420,toward_right_pole,1,0.8,280,720,-440,toward_left_pole,-1,0.75,450,550,-100,toward_left_pole,-1,0.7
lonely,google/gemini-3-flash-preview,ok,,"Loneliness is a low-arousal, negative state defined by a lack of agency and a profound focus on missing social connections.",180,820,-640,toward_left_pole,-1,0.95,320,680,-360,toward_left_pole,-1,0.85,210,790,-580,toward_left_pole,-1,0.9,450,550,-100,toward_left_pole,-1,0.8,880,120,760,toward_right_pole,1,0.9
longing,google/gemini-3-flash-preview,ok,,"Longing is a bittersweet, low-agency state focused on an absent external object, blending moderate uncertainty with a strong social or relational orientation.",410,590,-180,toward_left_pole,-1,0.85,480,520,-40,balanced,0,0.8,320,680,-360,toward_left_pole,-1,0.9,610,390,220,toward_right_pole,1,0.75,740,260,480,toward_right_pole,1,0.85
lovestruck,google/gemini-3-flash-preview,ok,,"Lovestruck is a highly positive, high-arousal state where the individual feels overwhelmed by affection for another, sacrificing personal control for social preoccupation.",890,110,780,toward_right_pole,1,0.95,820,180,640,toward_right_pole,1,0.92,310,690,-380,toward_left_pole,-1,0.88,640,360,280,toward_right_pole,1,0.85,910,90,820,toward_right_pole,1,0.95
loving,google/gemini-3-flash-preview,ok,,"Loving is a highly positive, prosocial state characterized by high social orientation, stability, and moderate arousal, reflecting deep interpersonal connection and emotional security.",945,55,890,toward_right_pole,1,0.98,520,480,40,balanced,0,0.85,710,290,420,toward_right_pole,1,0.88,210,790,-580,toward_left_pole,-1,0.82,960,40,920,toward_right_pole,1,0.99
melancholic,google/gemini-3-flash-preview,ok,,"Melancholy is a low-arousal, negative-valence state defined by introspective sadness, low agency, and a focus on internal feelings rather than external social interaction.",280,720,-440,toward_left_pole,-1,0.95,210,790,-580,toward_left_pole,-1,0.9,340,660,-320,toward_left_pole,-1,0.85,310,690,-380,toward_left_pole,-1,0.8,250,750,-500,toward_left_pole,-1,0.85
miserable,google/gemini-3-flash-preview,ok,,"Miserable is a highly negative, low-arousal state defined by helplessness and internal focus on one's own suffering.",85,915,-830,toward_left_pole,-1,0.98,310,690,-380,toward_left_pole,-1,0.85,120,880,-760,toward_left_pole,-1,0.92,450,550,-100,toward_left_pole,-1,0.8,280,720,-440,toward_left_pole,-1,0.88
mistrustful,google/gemini-3-flash-preview,ok,,"Mistrustful is a high-uncertainty, low-valence state characterized by social suspicion and a defensive, vigilant posture toward others.",210,790,-580,toward_left_pole,-1,0.95,580,420,160,toward_right_pole,1,0.85,340,660,-320,toward_left_pole,-1,0.88,890,110,780,toward_right_pole,1,0.92,820,180,640,toward_right_pole,1,0.9
mortified,google/gemini-3-flash-preview,ok,,"Mortification is an intense, high-arousal form of shame characterized by low control and a strong focus on negative social evaluation.",115,885,-770,toward_left_pole,-1,0.95,780,220,560,toward_right_pole,1,0.9,140,860,-720,toward_left_pole,-1,0.85,420,580,-160,toward_left_pole,-1,0.8,890,110,780,toward_right_pole,1,0.95
moved,google/gemini-3-flash-preview,ok,,"Being moved is a prosocial, bittersweet emotion characterized by high social orientation and a moderate loss of control as one is affected by external goodness.",780,220,560,toward_right_pole,1,0.9,620,380,240,toward_right_pole,1,0.85,410,590,-180,toward_left_pole,-1,0.8,450,550,-100,toward_left_pole,-1,0.75,890,110,780,toward_right_pole,1,0.95
needy,google/gemini-3-flash-preview,ok,,"Needy reflects a low-control, high-dependency state that is socially oriented toward others, typically involving negative valence and moderate-to-high anxious arousal.",280,720,-440,toward_left_pole,-1,0.9,610,390,220,toward_right_pole,1,0.85,190,810,-620,toward_left_pole,-1,0.95,680,320,360,toward_right_pole,1,0.8,890,110,780,toward_right_pole,1,0.95
nervous,google/gemini-3-flash-preview,ok,,"Nervousness is a high-arousal, unpleasant state defined by low agency and high uncertainty about an upcoming event.",320,680,-360,toward_left_pole,-1,0.95,740,260,480,toward_right_pole,1,0.98,310,690,-380,toward_left_pole,-1,0.92,880,120,760,toward_right_pole,1,0.96,450,550,-100,toward_left_pole,-1,0.85
nostalgic,google/gemini-3-flash-preview,ok,,"Nostalgia is a bittersweet, low-arousal emotion focused on certain past events, often involving social themes and a slight lack of agency over the passage of time.",680,320,360,toward_right_pole,1,0.9,320,680,-360,toward_left_pole,-1,0.85,450,550,-100,toward_left_pole,-1,0.8,150,850,-700,toward_left_pole,-1,0.85,620,380,240,toward_right_pole,1,0.8
numb,google/gemini-3-flash-preview,ok,,"Numbness is a low-arousal, negative state marked by emotional detachment, a lack of control, and internal withdrawal, often serving as a psychological defense mechanism.",210,790,-580,toward_left_pole,-1,0.9,85,915,-830,toward_left_pole,-1,0.95,180,820,-640,toward_left_pole,-1,0.85,420,580,-160,toward_left_pole,-1,0.75,150,850,-700,toward_left_pole,-1,0.8
offended,google/gemini-3-flash-preview,ok,,"Offended is a high-social, negative-valence state triggered by interpersonal slights, involving significant arousal and a perceived loss of status or control.",210,790,-580,toward_left_pole,-1,0.95,640,360,280,toward_right_pole,1,0.85,380,620,-240,toward_left_pole,-1,0.8,420,580,-160,toward_left_pole,-1,0.75,890,110,780,toward_right_pole,1,0.9
on edge,google/gemini-3-flash-preview,ok,,"Being 'on edge' is a high-arousal, negative state defined by nervous anticipation, low perceived control, and high uncertainty regarding future events.",280,720,-440,toward_left_pole,-1,0.95,740,260,480,toward_right_pole,1,0.95,310,690,-380,toward_left_pole,-1,0.9,820,180,640,toward_right_pole,1,0.9,450,550,-100,toward_left_pole,-1,0.8
optimistic,google/gemini-3-flash-preview,ok,,"Optimism is a high-valence, high-control state characterized by positive expectations for the future and a moderate level of mental activation.",880,120,760,toward_right_pole,1,0.95,520,480,40,balanced,0,0.85,710,290,420,toward_right_pole,1,0.9,380,620,-240,toward_left_pole,-1,0.8,450,550,-100,toward_left_pole,-1,0.75
outraged,google/gemini-3-flash-preview,ok,,"Outrage is a high-arousal, negative-valence emotion driven by perceived external injustice, characterized by high agency and a strong social/moral orientation.",120,880,-760,toward_left_pole,-1,0.95,880,120,760,toward_right_pole,1,0.95,650,350,300,toward_right_pole,1,0.85,210,790,-580,toward_left_pole,-1,0.8,740,260,480,toward_right_pole,1,0.85
overjoyed,google/gemini-3-flash-preview,ok,,"Overjoyed is a high-arousal, extremely positive emotion characterized by a sense of fulfillment and certainty following a significant positive event.",985,15,970,toward_right_pole,1,0.99,820,180,640,toward_right_pole,1,0.95,740,260,480,toward_right_pole,1,0.85,150,850,-700,toward_left_pole,-1,0.8,550,450,100,toward_right_pole,1,0.75
overwhelmed,google/gemini-3-flash-preview,ok,,"Overwhelmed is a high-arousal, low-control state where demands exceed resources, resulting in negative valence and a sense of being cognitively or emotionally flooded.",280,720,-440,toward_left_pole,-1,0.9,760,240,520,toward_right_pole,1,0.95,120,880,-760,toward_left_pole,-1,0.95,680,320,360,toward_right_pole,1,0.85,450,550,-100,toward_left_pole,-1,0.8
panicked,google/gemini-3-flash-preview,ok,,"Panic is a high-arousal, low-valence state defined by a total loss of control and extreme uncertainty regarding immediate threats.",120,880,-760,toward_left_pole,-1,0.95,940,60,880,toward_right_pole,1,0.98,85,915,-830,toward_left_pole,-1,0.92,890,110,780,toward_right_pole,1,0.9,310,690,-380,toward_left_pole,-1,0.85
paranoid,google/gemini-3-flash-preview,ok,,"Paranoia is a high-arousal, negative state defined by extreme uncertainty and a focus on external threats, resulting in low perceived control.",180,820,-640,toward_left_pole,-1,0.95,720,280,440,toward_right_pole,1,0.9,210,790,-580,toward_left_pole,-1,0.85,890,110,780,toward_right_pole,1,0.9,760,240,520,toward_right_pole,1,0.8
passionate,google/gemini-3-flash-preview,ok,,"Passion is a high-arousal, positive state defined by intense motivation and goal-directed energy, reflecting strong agency and emotional clarity.",820,180,640,toward_right_pole,1,0.95,880,120,760,toward_right_pole,1,0.98,740,260,480,toward_right_pole,1,0.9,310,690,-380,toward_left_pole,-1,0.85,580,420,160,toward_right_pole,1,0.8
peaceful,google/gemini-3-flash-preview,ok,,"Peaceful is a high-valence, low-arousal state defined by tranquility, high perceived control, and low uncertainty, typically centered on internal harmony.",890,110,780,toward_right_pole,1,0.95,120,880,-760,toward_left_pole,-1,0.95,710,290,420,toward_right_pole,1,0.85,180,820,-640,toward_left_pole,-1,0.8,450,550,-100,toward_left_pole,-1,0.75
pensive,google/gemini-3-flash-preview,ok,,"Pensive is a low-arousal, introspective state involving serious thought, often leaning slightly toward melancholy and uncertainty while remaining focused on internal mental processes.",480,520,-40,balanced,0,0.85,210,790,-580,toward_left_pole,-1,0.9,520,480,40,balanced,0,0.75,640,360,280,toward_right_pole,1,0.8,150,850,-700,toward_left_pole,-1,0.85
pessimistic,google/gemini-3-flash-preview,ok,,"Pessimism is a low-valence, low-control state defined by the anticipation of negative outcomes, often resulting in reduced physiological arousal and a sense of resigned certainty.",210,790,-580,toward_left_pole,-1,0.95,380,620,-240,toward_left_pole,-1,0.85,240,760,-520,toward_left_pole,-1,0.9,310,690,-380,toward_left_pole,-1,0.8,420,580,-160,toward_left_pole,-1,0.75
playful,google/gemini-3-flash-preview,ok,,"Playful is a high-valence, moderately high-arousal state characterized by social engagement, creative agency, and a degree of spontaneous unpredictability.",845,155,690,toward_right_pole,1,0.95,620,380,240,toward_right_pole,1,0.9,710,290,420,toward_right_pole,1,0.85,580,420,160,toward_right_pole,1,0.8,690,310,380,toward_right_pole,1,0.9
pleased,google/gemini-3-flash-preview,ok,,"Pleased is a high-valence, low-arousal emotion associated with satisfaction, high agency, and low uncertainty following a positive outcome.",845,155,690,toward_right_pole,1,0.98,380,620,-240,toward_left_pole,-1,0.92,710,290,420,toward_right_pole,1,0.88,180,820,-640,toward_left_pole,-1,0.85,450,550,-100,toward_left_pole,-1,0.8
powerless,google/gemini-3-flash-preview,ok,,"Powerlessness is characterized by extremely low control and negative valence, reflecting an inability to influence one's environment or outcomes.",180,820,-640,toward_left_pole,-1,0.95,420,580,-160,toward_left_pole,-1,0.85,45,955,-910,toward_left_pole,-1,0.98,710,290,420,toward_right_pole,1,0.88,350,650,-300,toward_left_pole,-1,0.8
proud,google/gemini-3-flash-preview,ok,,"Pride is a high-dominance, positive emotion stemming from successful agency and goal attainment, characterized by high certainty and moderate arousal.",880,120,760,toward_right_pole,1,0.95,620,380,240,toward_right_pole,1,0.9,890,110,780,toward_right_pole,1,0.95,150,850,-700,toward_left_pole,-1,0.85,450,550,-100,toward_left_pole,-1,0.8
rattled,google/gemini-3-flash-preview,ok,,"Rattled describes a high-arousal, low-control state of being flustered and shaken, typically following an unexpected or unpleasant disruption to one's composure.",280,720,-440,toward_left_pole,-1,0.95,720,280,440,toward_right_pole,1,0.9,210,790,-580,toward_left_pole,-1,0.9,840,160,680,toward_right_pole,1,0.85,450,550,-100,toward_left_pole,-1,0.7
raw,google/gemini-3-flash-preview,ok,,"Raw denotes an unfiltered, high-intensity state of vulnerability and pain, characterized by low control and high physiological arousal.",320,680,-360,toward_left_pole,-1,0.85,780,220,560,toward_right_pole,1,0.9,210,790,-580,toward_left_pole,-1,0.8,640,360,280,toward_right_pole,1,0.75,450,550,-100,toward_left_pole,-1,0.7
reassured,google/gemini-3-flash-preview,ok,,"Reassured is a positive, low-arousal state characterized by reduced uncertainty and increased security, often mediated through social support or external evidence.",820,180,640,toward_right_pole,1,0.95,280,720,-440,toward_left_pole,-1,0.9,640,360,280,toward_right_pole,1,0.85,150,850,-700,toward_left_pole,-1,0.9,720,280,440,toward_right_pole,1,0.85
reflective,google/gemini-3-flash-preview,ok,,"Reflective is a low-arousal, self-oriented state of cognitive agency, typically leaning toward positive valence as it involves meaningful internal processing.",620,380,240,toward_right_pole,1,0.9,210,790,-580,toward_left_pole,-1,0.95,680,320,360,toward_right_pole,1,0.85,350,650,-300,toward_left_pole,-1,0.8,150,850,-700,toward_left_pole,-1,0.9
regretful,google/gemini-3-flash-preview,ok,,"Regret is a negative, low-agency emotion focused on past mistakes, characterized by low-to-moderate arousal and high certainty about the regrettable outcome.",180,820,-640,toward_left_pole,-1,0.95,420,580,-160,toward_left_pole,-1,0.85,210,790,-580,toward_left_pole,-1,0.9,150,850,-700,toward_left_pole,-1,0.8,350,650,-300,toward_left_pole,-1,0.75
rejected,google/gemini-3-flash-preview,ok,,"Rejection is a highly unpleasant, low-control social state characterized by exclusion, triggering significant distress and a focus on external social evaluation.",115,885,-770,toward_left_pole,-1,0.98,580,420,160,toward_right_pole,1,0.85,140,860,-720,toward_left_pole,-1,0.92,420,580,-160,toward_left_pole,-1,0.8,890,110,780,toward_right_pole,1,0.95
relaxed,google/gemini-3-flash-preview,ok,,"Relaxed is a prototypical low-arousal, high-valence state characterized by a sense of security, predictability, and moderate personal control.",820,180,640,toward_right_pole,1,0.95,150,850,-700,toward_left_pole,-1,0.98,680,320,360,toward_right_pole,1,0.85,180,820,-640,toward_left_pole,-1,0.9,420,580,-160,toward_left_pole,-1,0.8
relieved,google/gemini-3-flash-preview,ok,,"Relief is a positive, low-arousal state occurring when uncertainty is resolved and a threat is removed, leading to a sense of regained control.",820,180,640,toward_right_pole,1,0.95,210,790,-580,toward_left_pole,-1,0.9,680,320,360,toward_right_pole,1,0.85,120,880,-760,toward_left_pole,-1,0.9,450,550,-100,toward_left_pole,-1,0.8
remorseful,google/gemini-3-flash-preview,ok,,"Remorse is a highly social, negative emotion characterized by low agency over past events and high certainty about one's moral failure.",180,820,-640,toward_left_pole,-1,0.95,520,480,40,balanced,0,0.85,310,690,-380,toward_left_pole,-1,0.9,240,760,-520,toward_left_pole,-1,0.8,880,120,760,toward_right_pole,1,0.95
resentful,google/gemini-3-flash-preview,ok,,"Resentment is a low-control, socially-oriented negative emotion involving moderate arousal and high certainty regarding the source of perceived unfairness.",180,820,-640,toward_left_pole,-1,0.95,580,420,160,toward_right_pole,1,0.85,310,690,-380,toward_left_pole,-1,0.9,240,760,-520,toward_left_pole,-1,0.8,820,180,640,toward_right_pole,1,0.95
resigned,google/gemini-3-flash-preview,ok,,"Resignation is a low-arousal, low-control state where an individual accepts an unpleasant but certain reality, reflecting a passive surrender to circumstances.",320,680,-360,toward_left_pole,-1,0.9,210,790,-580,toward_left_pole,-1,0.85,140,860,-720,toward_left_pole,-1,0.95,180,820,-640,toward_left_pole,-1,0.8,450,550,-100,toward_left_pole,-1,0.7
restless,google/gemini-3-flash-preview,ok,,"Restlessness is a high-arousal, low-valence state marked by a lack of agency and internal focus, often occurring when one feels unsettled or uncertain.",310,690,-380,toward_left_pole,-1,0.9,720,280,440,toward_right_pole,1,0.95,340,660,-320,toward_left_pole,-1,0.85,680,320,360,toward_right_pole,1,0.8,210,790,-580,toward_left_pole,-1,0.85
romantic,google/gemini-3-flash-preview,ok,,"Romantic is a highly positive, socially-oriented state characterized by moderate arousal and a strong focus on interpersonal intimacy and connection.",885,115,770,toward_right_pole,1,0.95,620,380,240,toward_right_pole,1,0.9,540,460,80,toward_right_pole,1,0.85,410,590,-180,toward_left_pole,-1,0.8,910,90,820,toward_right_pole,1,0.98
safe,google/gemini-3-flash-preview,ok,,"Safety is a high-valence, low-arousal state characterized by high predictability and a strong sense of control over one's environment.",880,120,760,toward_right_pole,1,0.95,150,850,-700,toward_left_pole,-1,0.9,720,280,440,toward_right_pole,1,0.85,110,890,-780,toward_left_pole,-1,0.9,450,550,-100,toward_left_pole,-1,0.75
satisfied,google/gemini-3-flash-preview,ok,,"Satisfaction is a high-valence, low-arousal state of certainty and control, resulting from the fulfillment of internal desires or external requirements.",880,120,760,toward_right_pole,1,0.98,320,680,-360,toward_left_pole,-1,0.92,740,260,480,toward_right_pole,1,0.9,150,850,-700,toward_left_pole,-1,0.88,410,590,-180,toward_left_pole,-1,0.85
scared,google/gemini-3-flash-preview,ok,,"Scared is a high-arousal, negative-valence state defined by low agency and high uncertainty regarding a perceived threat.",180,820,-640,toward_left_pole,-1,0.95,820,180,640,toward_right_pole,1,0.95,210,790,-580,toward_left_pole,-1,0.9,780,220,560,toward_right_pole,1,0.85,350,650,-300,toward_left_pole,-1,0.75
scornful,google/gemini-3-flash-preview,ok,,"Scornful is a high-dominance, negative social emotion characterized by a sense of superiority and certain judgment toward another person.",180,820,-640,toward_left_pole,-1,0.95,580,420,160,toward_right_pole,1,0.85,720,280,440,toward_right_pole,1,0.9,150,850,-700,toward_left_pole,-1,0.8,890,110,780,toward_right_pole,1,0.95
secure,google/gemini-3-flash-preview,ok,,"Security is a high-valence, low-arousal state defined by stability, high personal control, and a lack of unpredictable threats.",840,160,680,toward_right_pole,1,0.95,210,790,-580,toward_left_pole,-1,0.9,780,220,560,toward_right_pole,1,0.9,120,880,-760,toward_left_pole,-1,0.95,450,550,-100,toward_left_pole,-1,0.8
self-assured,google/gemini-3-flash-preview,ok,,"Self-assuredness is a high-control, low-uncertainty state marked by positive valence and moderate arousal, centered on personal agency and internal stability.",820,180,640,toward_right_pole,1,0.95,450,550,-100,toward_left_pole,-1,0.85,910,90,820,toward_right_pole,1,0.98,120,880,-760,toward_left_pole,-1,0.92,310,690,-380,toward_left_pole,-1,0.88
self-conscious,google/gemini-3-flash-preview,ok,,"Self-consciousness is a socially-oriented, low-control state of heightened arousal, typically leaning negative due to the perceived pressure of external evaluation and social anxiety.",320,680,-360,toward_left_pole,-1,0.85,610,390,220,toward_right_pole,1,0.8,280,720,-440,toward_left_pole,-1,0.85,640,360,280,toward_right_pole,1,0.75,890,110,780,toward_right_pole,1,0.9
self-critical,google/gemini-3-flash-preview,ok,,"Self-criticism is a negative, self-oriented state characterized by low valence, moderate arousal from internal tension, and a sense of diminished control over one's ideal self-image.",210,790,-580,toward_left_pole,-1,0.95,580,420,160,toward_right_pole,1,0.85,320,680,-360,toward_left_pole,-1,0.88,240,760,-520,toward_left_pole,-1,0.8,150,850,-700,toward_left_pole,-1,0.92
self-doubting,google/gemini-3-flash-preview,ok,,"Self-doubting is a low-control, high-uncertainty state marked by negative self-focus and moderate cognitive arousal.",210,790,-580,toward_left_pole,-1,0.95,480,520,-40,balanced,0,0.85,120,880,-760,toward_left_pole,-1,0.95,890,110,780,toward_right_pole,1,0.98,150,850,-700,toward_left_pole,-1,0.9
sentimental,google/gemini-3-flash-preview,ok,,"Sentimental is a low-arousal, prosocial emotion involving pleasant nostalgia for past connections, characterized by high certainty and moderate internal control.",715,285,430,toward_right_pole,1,0.9,380,620,-240,toward_left_pole,-1,0.85,540,460,80,toward_right_pole,1,0.8,210,790,-580,toward_left_pole,-1,0.85,760,240,520,toward_right_pole,1,0.9
serene,google/gemini-3-flash-preview,ok,,"Serenity is a high-valence, low-arousal state defined by peacefulness, internal control, and a lack of environmental or emotional turbulence.",890,110,780,toward_right_pole,1,0.95,120,880,-760,toward_left_pole,-1,0.98,710,290,420,toward_right_pole,1,0.85,150,850,-700,toward_left_pole,-1,0.88,320,680,-360,toward_left_pole,-1,0.8
shaken,google/gemini-3-flash-preview,ok,,"Shaken describes a high-arousal, low-control state of distress typically caused by an unexpected and jarring event that undermines one's sense of stability.",210,790,-580,toward_left_pole,-1,0.95,780,220,560,toward_right_pole,1,0.9,180,820,-640,toward_left_pole,-1,0.85,890,110,780,toward_right_pole,1,0.9,420,580,-160,toward_left_pole,-1,0.7
shamefaced,google/gemini-3-flash-preview,ok,,"Shamefaced reflects a submissive, unpleasant state triggered by social failure, characterized by low agency and high orientation toward the perceived gaze of others.",210,790,-580,toward_left_pole,-1,0.95,480,520,-40,balanced,0,0.85,180,820,-640,toward_left_pole,-1,0.9,320,680,-360,toward_left_pole,-1,0.8,890,110,780,toward_right_pole,1,0.95
shell-shocked,google/gemini-3-flash-preview,ok,,"Shell-shocked describes a state of profound trauma, characterized by low valence, high internal arousal, minimal control, and extreme uncertainty following overwhelming events.",110,890,-780,toward_left_pole,-1,0.95,780,220,560,toward_right_pole,1,0.85,85,915,-830,toward_left_pole,-1,0.9,920,80,840,toward_right_pole,1,0.9,210,790,-580,toward_left_pole,-1,0.8
shocked,google/gemini-3-flash-preview,ok,,"Shocked represents a high-arousal, low-control state triggered by extreme uncertainty or unexpectedness, typically leaning toward a negative valence in most contexts.",320,680,-360,toward_left_pole,-1,0.85,890,110,780,toward_right_pole,1,0.95,210,790,-580,toward_left_pole,-1,0.8,960,40,920,toward_right_pole,1,0.98,450,550,-100,toward_left_pole,-1,0.7
smitten,google/gemini-3-flash-preview,ok,,"Smitten reflects a high-arousal, positive state of infatuation characterized by a strong external focus on another person and a slight loss of personal agency.",880,120,760,toward_right_pole,1,0.95,720,280,440,toward_right_pole,1,0.9,380,620,-240,toward_left_pole,-1,0.85,610,390,220,toward_right_pole,1,0.8,920,80,840,toward_right_pole,1,0.95
soothed,google/gemini-3-flash-preview,ok,,"Soothed is a low-arousal, high-valence state characterized by a transition from distress to calm, often involving social support and high predictability.",880,120,760,toward_right_pole,1,0.95,120,880,-760,toward_left_pole,-1,0.95,650,350,300,toward_right_pole,1,0.85,150,850,-700,toward_left_pole,-1,0.9,720,280,440,toward_right_pole,1,0.8
sorrowful,google/gemini-3-flash-preview,ok,,"Sorrowful is a low-arousal, highly negative state marked by low agency and high certainty regarding a painful loss or misfortune.",115,885,-770,toward_left_pole,-1,0.98,320,680,-360,toward_left_pole,-1,0.92,180,820,-640,toward_left_pole,-1,0.9,240,760,-520,toward_left_pole,-1,0.85,410,590,-180,toward_left_pole,-1,0.8
spiteful,google/gemini-3-flash-preview,ok,,"Spiteful is a socially-oriented, negative emotion involving moderate arousal and agency, typically directed at others to cause harm in response to perceived slights.",180,820,-640,toward_left_pole,-1,0.95,620,380,240,toward_right_pole,1,0.85,580,420,160,toward_right_pole,1,0.8,210,790,-580,toward_left_pole,-1,0.85,890,110,780,toward_right_pole,1,0.95
startled,google/gemini-3-flash-preview,ok,,"Startled is a high-arousal, low-control state defined by sudden uncertainty and an involuntary physiological response to unexpected stimuli.",380,620,-240,toward_left_pole,-1,0.85,890,110,780,toward_right_pole,1,0.95,210,790,-580,toward_left_pole,-1,0.9,940,60,880,toward_right_pole,1,0.95,450,550,-100,toward_left_pole,-1,0.75
stressed,google/gemini-3-flash-preview,ok,,"Stress is a high-arousal, negative-valence state marked by low perceived control and high uncertainty regarding environmental demands.",210,790,-580,toward_left_pole,-1,0.95,780,220,560,toward_right_pole,1,0.98,240,760,-520,toward_left_pole,-1,0.9,720,280,440,toward_right_pole,1,0.85,350,650,-300,toward_left_pole,-1,0.8
suffocated,google/gemini-3-flash-preview,ok,,"Suffocated represents a high-arousal, low-valence state defined by a severe lack of control and a desperate need for autonomy or relief.",85,915,-830,toward_left_pole,-1,0.95,720,280,440,toward_right_pole,1,0.85,110,890,-780,toward_left_pole,-1,0.9,640,360,280,toward_right_pole,1,0.8,410,590,-180,toward_left_pole,-1,0.75
sulky,google/gemini-3-flash-preview,ok,,"Sulky is a low-arousal, negative state involving social withdrawal used as a passive-aggressive signal of dissatisfaction toward others.",210,790,-580,toward_left_pole,-1,0.95,320,680,-360,toward_left_pole,-1,0.85,380,620,-240,toward_left_pole,-1,0.8,240,760,-520,toward_left_pole,-1,0.75,680,320,360,toward_right_pole,1,0.85
surprised,google/gemini-3-flash-preview,ok,,"Surprise is defined by high uncertainty and arousal due to unexpected stimuli, while its valence and social orientation remain context-dependent.",580,420,160,toward_right_pole,1,0.7,720,280,440,toward_right_pole,1,0.9,350,650,-300,toward_left_pole,-1,0.8,950,50,900,toward_right_pole,1,0.95,500,500,0,balanced,0,0.6
suspicious,google/gemini-3-flash-preview,ok,,"Suspicion is a vigilant, social emotion characterized by high uncertainty and negative valence, arising from a perceived lack of transparency in others.",310,690,-380,toward_left_pole,-1,0.9,580,420,160,toward_right_pole,1,0.85,420,580,-160,toward_left_pole,-1,0.8,890,110,780,toward_right_pole,1,0.95,760,240,520,toward_right_pole,1,0.9
sympathetic,google/gemini-3-flash-preview,ok,,"Sympathy is a prosocial, other-oriented emotion characterized by moderate pleasantness and low-to-mid arousal, centered on recognizing and responding to another's state.",680,320,360,toward_right_pole,1,0.9,420,580,-160,toward_left_pole,-1,0.85,550,450,100,toward_right_pole,1,0.8,310,690,-380,toward_left_pole,-1,0.75,940,60,880,toward_right_pole,1,0.95
tender,google/gemini-3-flash-preview,ok,,"Tender is a low-arousal, highly positive emotion fundamentally rooted in social connection, care, and a sense of safe, predictable intimacy.",880,120,760,toward_right_pole,1,0.95,210,790,-580,toward_left_pole,-1,0.9,620,380,240,toward_right_pole,1,0.8,150,850,-700,toward_left_pole,-1,0.85,910,90,820,toward_right_pole,1,0.95
tense,google/gemini-3-flash-preview,ok,,"Tense is a high-arousal, negative state marked by physical rigidity and psychological apprehension, often occurring in unpredictable or low-control situations.",280,720,-440,toward_left_pole,-1,0.95,720,280,440,toward_right_pole,1,0.98,310,690,-380,toward_left_pole,-1,0.85,640,360,280,toward_right_pole,1,0.88,420,580,-160,toward_left_pole,-1,0.8
terrified,google/gemini-3-flash-preview,ok,,"Terrified represents an extreme state of high-arousal fear, marked by very low valence, minimal perceived control, and high uncertainty regarding immediate safety.",42,958,-916,toward_left_pole,-1,0.98,945,55,890,toward_right_pole,1,0.95,85,915,-830,toward_left_pole,-1,0.92,810,190,620,toward_right_pole,1,0.88,320,680,-360,toward_left_pole,-1,0.85
thankful,google/gemini-3-flash-preview,ok,,"Thankful is a positive, low-arousal emotion characterized by high social orientation and certainty following a beneficial event or action.",890,110,780,toward_right_pole,1,0.98,420,580,-160,toward_left_pole,-1,0.9,610,390,220,toward_right_pole,1,0.85,180,820,-640,toward_left_pole,-1,0.88,910,90,820,toward_right_pole,1,0.95
threatened,google/gemini-3-flash-preview,ok,,"Threatened is a high-arousal, negative state characterized by low control and high uncertainty, typically triggered by external agents or environmental dangers.",180,820,-640,toward_left_pole,-1,0.95,740,260,480,toward_right_pole,1,0.9,210,790,-580,toward_left_pole,-1,0.85,680,320,360,toward_right_pole,1,0.8,550,450,100,toward_right_pole,1,0.75
thrilled,google/gemini-3-flash-preview,ok,,"Thrilled represents a high-arousal, high-valence state of intense excitement and positive agency, typically occurring when a desired outcome is realized.",910,90,820,toward_right_pole,1,0.98,880,120,760,toward_right_pole,1,0.95,720,280,440,toward_right_pole,1,0.85,350,650,-300,toward_left_pole,-1,0.8,480,520,-40,balanced,0,0.75
tormented,google/gemini-3-flash-preview,ok,,"Tormented is a highly negative, high-arousal state defined by a lack of control and intense internal suffering, typically focused on the individual's own pain.",82,918,-836,toward_left_pole,-1,0.98,745,255,490,toward_right_pole,1,0.92,115,885,-770,toward_left_pole,-1,0.95,610,390,220,toward_right_pole,1,0.85,320,680,-360,toward_left_pole,-1,0.88
torn,google/gemini-3-flash-preview,ok,,"Torn represents a state of high uncertainty and low control, marked by the unpleasant tension of being pulled between mutually exclusive options.",310,690,-380,toward_left_pole,-1,0.9,620,380,240,toward_right_pole,1,0.85,240,760,-520,toward_left_pole,-1,0.9,880,120,760,toward_right_pole,1,0.95,450,550,-100,toward_left_pole,-1,0.75
touched,google/gemini-3-flash-preview,ok,,"Touched is a positive, low-to-mid arousal state driven by social connection and external kindness, emphasizing interpersonal warmth and receptivity over personal agency.",820,180,640,toward_right_pole,1,0.95,410,590,-180,toward_left_pole,-1,0.85,480,520,-40,balanced,0,0.8,320,680,-360,toward_left_pole,-1,0.75,910,90,820,toward_right_pole,1,0.98
tranquil,google/gemini-3-flash-preview,ok,,"Tranquil represents a high-valence, low-arousal state of calm, characterized by high internal control and low environmental uncertainty.",880,120,760,toward_right_pole,1,0.95,120,880,-760,toward_left_pole,-1,0.98,740,260,480,toward_right_pole,1,0.85,150,850,-700,toward_left_pole,-1,0.8,350,650,-300,toward_left_pole,-1,0.75
trapped,google/gemini-3-flash-preview,ok,,"Trapped is a high-arousal, low-valence state defined by a near-total lack of control and perceived helplessness in a restrictive situation.",120,880,-760,toward_left_pole,-1,0.95,680,320,360,toward_right_pole,1,0.85,45,955,-910,toward_left_pole,-1,0.98,710,290,420,toward_right_pole,1,0.8,320,680,-360,toward_left_pole,-1,0.75
triumphant,google/gemini-3-flash-preview,ok,,"Triumphant is a high-arousal, high-control positive state following success, signaling maximum agency and the resolution of a challenge.",915,85,830,toward_right_pole,1,0.98,840,160,680,toward_right_pole,1,0.95,960,40,920,toward_right_pole,1,0.97,120,880,-760,toward_left_pole,-1,0.92,410,590,-180,toward_left_pole,-1,0.85
trusting,google/gemini-3-flash-preview,ok,,"Trusting is a high-valence, low-arousal state characterized by social connection and a significant reduction in perceived uncertainty regarding another's actions.",840,160,680,toward_right_pole,1,0.95,320,680,-360,toward_left_pole,-1,0.85,680,320,360,toward_right_pole,1,0.8,210,790,-580,toward_left_pole,-1,0.9,920,80,840,toward_right_pole,1,0.98
uneasy,google/gemini-3-flash-preview,ok,,"Uneasy represents a low-valence, high-uncertainty state where the individual feels a lack of control and mild physiological tension regarding an unpredictable situation.",280,720,-440,toward_left_pole,-1,0.95,540,460,80,toward_right_pole,1,0.85,310,690,-380,toward_left_pole,-1,0.9,820,180,640,toward_right_pole,1,0.95,450,550,-100,toward_left_pole,-1,0.7
unfulfilled,google/gemini-3-flash-preview,ok,,Unfulfilled is a low-arousal negative state characterized by a lack of agency and a focus on internal dissatisfaction regarding unmet personal goals.,210,790,-580,toward_left_pole,-1,0.95,380,620,-240,toward_left_pole,-1,0.85,320,680,-360,toward_left_pole,-1,0.9,450,550,-100,toward_left_pole,-1,0.8,280,720,-440,toward_left_pole,-1,0.85
unhappy,google/gemini-3-flash-preview,ok,,"Unhappy is a low-arousal, negatively-valenced state characterized by low agency and a focus on internal dissatisfaction or loss.",180,820,-640,toward_left_pole,-1,0.98,350,650,-300,toward_left_pole,-1,0.9,310,690,-380,toward_left_pole,-1,0.85,420,580,-160,toward_left_pole,-1,0.8,450,550,-100,toward_left_pole,-1,0.75
unnerved,google/gemini-3-flash-preview,ok,,"Unnerved describes a state of being deprived of courage and composure, marked by high uncertainty, low control, and negative valence.",210,790,-580,toward_left_pole,-1,0.95,680,320,360,toward_right_pole,1,0.9,180,820,-640,toward_left_pole,-1,0.9,820,180,640,toward_right_pole,1,0.85,450,550,-100,toward_left_pole,-1,0.7
unsafe,google/gemini-3-flash-preview,ok,,"Unsafe is a high-arousal, low-valence state defined by a lack of control and high uncertainty regarding environmental or social stability.",120,880,-760,toward_left_pole,-1,0.95,780,220,560,toward_right_pole,1,0.9,150,850,-700,toward_left_pole,-1,0.85,890,110,780,toward_right_pole,1,0.9,410,590,-180,toward_left_pole,-1,0.7
unsettled,google/gemini-3-flash-preview,ok,,"Unsettled is characterized by high uncertainty and low control, manifesting as a mildly unpleasant, agitated state of instability.",320,680,-360,toward_left_pole,-1,0.9,580,420,160,toward_right_pole,1,0.85,310,690,-380,toward_left_pole,-1,0.8,840,160,680,toward_right_pole,1,0.95,450,550,-100,toward_left_pole,-1,0.7
unsupported,google/gemini-3-flash-preview,ok,,"Unsupported reflects a negative, low-control state characterized by social isolation and a perceived lack of external assistance or validation.",210,790,-580,toward_left_pole,-1,0.95,420,580,-160,toward_left_pole,-1,0.85,180,820,-640,toward_left_pole,-1,0.9,680,320,360,toward_right_pole,1,0.8,740,260,480,toward_right_pole,1,0.85
upset,google/gemini-3-flash-preview,ok,,"Upset is a high-arousal, negative valence state typically associated with low agency and situational frustration.",180,820,-640,toward_left_pole,-1,0.95,680,320,360,toward_right_pole,1,0.9,310,690,-380,toward_left_pole,-1,0.85,550,450,100,toward_right_pole,1,0.8,420,580,-160,toward_left_pole,-1,0.75
vengeful,google/gemini-3-flash-preview,ok,,"Vengefulness is a high-arousal, negative state focused on social retaliation, where the individual feels a degree of agency to correct a perceived wrong.",180,820,-640,toward_left_pole,-1,0.95,820,180,640,toward_right_pole,1,0.9,610,390,220,toward_right_pole,1,0.85,340,660,-320,toward_left_pole,-1,0.8,890,110,780,toward_right_pole,1,0.95
vindictive,google/gemini-3-flash-preview,ok,,"Vindictiveness is a high-arousal, socially-directed negative state where the individual feels enough agency to seek retribution for a perceived certain wrong.",180,820,-640,toward_left_pole,-1,0.95,720,280,440,toward_right_pole,1,0.9,640,360,280,toward_right_pole,1,0.85,210,790,-580,toward_left_pole,-1,0.8,890,110,780,toward_right_pole,1,0.95
violated,google/gemini-3-flash-preview,ok,,"Violated represents a high-arousal, low-control negative state triggered by an external social transgression that compromises the individual's boundaries and agency.",85,915,-830,toward_left_pole,-1,0.95,720,280,440,toward_right_pole,1,0.85,110,890,-780,toward_left_pole,-1,0.9,640,360,280,toward_right_pole,1,0.8,880,120,760,toward_right_pole,1,0.9
vulnerable,google/gemini-3-flash-preview,ok,,"Vulnerability is defined by low control and high uncertainty, typically leaning negative due to the risk of harm, while maintaining moderate social and arousal levels.",310,690,-380,toward_left_pole,-1,0.85,580,420,160,toward_right_pole,1,0.8,120,880,-760,toward_left_pole,-1,0.95,740,260,480,toward_right_pole,1,0.9,620,380,240,toward_right_pole,1,0.8
warm,google/gemini-3-flash-preview,ok,,"Warmth is a highly positive, low-arousal state characterized by social connection, safety, and predictable comfort.",845,155,690,toward_right_pole,1,0.95,320,680,-360,toward_left_pole,-1,0.85,610,390,220,toward_right_pole,1,0.8,180,820,-640,toward_left_pole,-1,0.85,790,210,580,toward_right_pole,1,0.9
wary,google/gemini-3-flash-preview,ok,,"Wary is a state of cautious suspicion characterized by high uncertainty and social orientation, involving moderate arousal and slightly negative valence.",380,620,-240,toward_left_pole,-1,0.9,520,480,40,balanced,0,0.85,410,590,-180,toward_left_pole,-1,0.8,820,180,640,toward_right_pole,1,0.95,740,260,480,toward_right_pole,1,0.85
wistful,google/gemini-3-flash-preview,ok,,"Wistfulness is a low-arousal, bittersweet emotion involving a passive longing for the past, combining mild negative valence with low perceived control over time.",420,580,-160,toward_left_pole,-1,0.9,310,690,-380,toward_left_pole,-1,0.85,380,620,-240,toward_left_pole,-1,0.8,250,750,-500,toward_left_pole,-1,0.75,450,550,-100,toward_left_pole,-1,0.7
withdrawn,google/gemini-3-flash-preview,ok,,"Withdrawn represents a low-arousal, negative state defined by social detachment and reduced agency, typically manifesting as a self-oriented retreat from external interaction.",280,720,-440,toward_left_pole,-1,0.9,150,850,-700,toward_left_pole,-1,0.95,310,690,-380,toward_left_pole,-1,0.85,420,580,-160,toward_left_pole,-1,0.8,110,890,-780,toward_left_pole,-1,0.95
worried,google/gemini-3-flash-preview,ok,,"Worried is a high-uncertainty, low-control negative state with moderate arousal, driven by the anticipation of unpredictable future threats.",280,720,-440,toward_left_pole,-1,0.95,620,380,240,toward_right_pole,1,0.9,310,690,-380,toward_left_pole,-1,0.85,890,110,780,toward_right_pole,1,0.95,450,550,-100,toward_left_pole,-1,0.8
wrathful,google/gemini-3-flash-preview,ok,,"Wrathful is a high-arousal, negative emotion characterized by a strong sense of agency and an outward, social focus toward a perceived source of grievance.",110,890,-780,toward_left_pole,-1,0.95,940,60,880,toward_right_pole,1,0.98,720,280,440,toward_right_pole,1,0.85,210,790,-580,toward_left_pole,-1,0.8,680,320,360,toward_right_pole,1,0.85
yearning,google/gemini-3-flash-preview,ok,,"Yearning is a bittersweet, high-social-orientation state marked by low agency and persistent longing for an absent or unattainable target.",410,590,-180,toward_left_pole,-1,0.85,580,420,160,toward_right_pole,1,0.8,320,680,-360,toward_left_pole,-1,0.9,640,360,280,toward_right_pole,1,0.75,720,280,440,toward_right_pole,1,0.85
